0_hint,1_hint,2_hint,3_hint,4_hint,5_hint,6_hint7_hint,8_hint,9_hint,10_hint,11_hint,12_hint,13_hint,14_hint,15_hint16_hint,17_hint,18_hint,19_hint,20_hint,21_hint,22_hint,23_hint,24_hint
1279.28,1901.3,841.069,1121.82,1482.21,816.884,809.75,2070.98,1958.76,1616.42,1279.05,1241.43,866.759,1193.94,690.001,691.4,1018.03,867.059,756.296,1910.73,867.344,1365.79,865.408,864.764,689.14
811.188,1035.28,1035.46,1460.52,907.716,1278.12,1438.55,883.101,2098.03,1762.9,1294.86,1252.38,1947.71,1558.13,1790.78,1894.38,1624.47,1715.06,891.094,780.735,1525.42,1182.35,860.697,1728.21,1434.83
597.08,814.692,804.982,708.884,709.027,707.954,709.018,708.278,708.521,709.746,708.152,708.232,881.802,708.98,708.604,708.521,708.685,709.381,709.184,709.631,709.95,709.936,709.067,885.091,881.973
602.958,817.036,1006.73,1148.41,706.452,1037.65,1853.36,1637.31,1460.06,707.184,709.791,1038.3,879.004,1512.23,707.471,879.198,708.428,706.81,706.681,1211.61,814.839,926.948,988.696,928.544,711.956
648.336,867.816,860.008,853.376,1717.5,1701.45,1756.01,1221.27,810.208,1125.76,697.932,698.554,698.078,698.402,698.201,698.092,697.876,697.935,697.64,698.15,874.606,873.591,697.665,697.318,697.867
684.064,906.457,897.033,891.72,881.168,872.478,864.184,856.63,848.905,839.364,831.565,820.353,996.56,885.029,887.232,710.455,710.607,886.343,711.873,887.485,1616.64,2345.69,2545.35,1560.63,885.598
677.448,2197.22,1707.67,886.341,1008.8,869.119,1641.86,1504.09,974.962,1224.9,1637.07,1080.02,1199.35,1428.93,1741.41,1506.93,1121.86,1221.21,818.838,818.338,1503.46,1769.75,1365.2,1711.49,1323.87
730.593,1187.12,1065.16,1058.16,1267.8,823.418,1251.58,804.906,1362.57,1016.6,1476.97,705.986,706.341,706.746,705.109,705.647,706.017,881.982,706.58,882.736,706.233,836.446,965.986,1049.8,835.071
1791.37,2643.62,1427.48,1359.4,2072.2,969.775,1720.78,1566.59,2034.48,1898.29,1071.28,859.637,1375.85,1366,836.981,1522.36,1212.12,1070.64,1774.17,1483.71,1339,873.419,831.951,1346.92,1496.81
1074.39,1836.27,1887.13,1329.75,1925.53,2199.53,1952.26,1693.38,1553.98,1417.15,1106.72,1700.47,1810.15,2125.15,1563.56,1102.28,961.79,823.409,811.159,804.33,1135.56,834.787,705.108,705.297,873.965
701.274,923.823,916.399,910.001,894.59,869.989,860.961,853.396,846.88,839.649,833.345,823.612,811.407,802.125,705.115,705.976,705.872,706.005,875.78,874.399,706.615,706.364,877.184,706.337,874.34
643.84,862.118,854.53,844.151,836.809,829.474,822.416,818.031,807.975,798.372,786.076,689.477,863.938,863.467,864.472,865.325,689.471,689.367,688.425,842.371,1341.59,684.028,684.445,1626.03,1766.36
752.324,972.729,963.241,863.386,863.35,863.512,862.984,864.004,863.524,863.763,863.683,864.043,1049.24,1049.74,863.399,1051.57,863.937,1048.58,864.133,1052.71,864.655,864.877,1048.69,1229.39,1228.71
629.443,844.891,836.938,828.243,821.306,812.68,801.116,706.922,707.157,707.194,706.77,706.662,706.623,706.96,706.903,706.659,705.864,883.604,706.633,706.85,1053.21,883.451,707.092,706.522,706.243
742.332,940.165,912.502,904.23,897.25,886.222,878.93,871.564,862.197,849.01,840.213,832.392,824.731,817.03,809.755,797.242,699.282,867.186,699.349,870.854,871.291,1038.4,699.336,1199.73,1202.75
662.344,881.06,872.922,864.567,855.367,848.526,841.118,832.869,822.761,816.118,806.476,799.1,721.433,698.63,699.321,700.396,699.038,868.445,699.247,868.918,699.289,701.063,700.056,700.252,700.136
580.088,797.166,788.557,689.577,689.587,690.41,689.42,689.213,1718.17,891.589,914.263,912.417,1097.33,2126.22,1511.65,868.257,1107.25,692.603,1513.28,2167.89,1470.02,1324.06,1637.2,1548.57,1619.27
1067.84,1164.08,1166.24,1131.41,1863.6,1207.71,889.842,1182.15,1787.28,865.654,1717.18,1674.67,1626.96,830.994,822.912,814.59,807.549,800.435,787.292,779.101,850.878,680.788,679.773,679.514,850.247
699.752,923.778,916.31,906.936,898.702,891.516,883.075,876.472,868.145,859.21,849.492,841.556,831.6,822.957,812.166,802.73,704.275,881.209,704.572,703.913,704.204,705.582,703.736,703.077,704.083
765.721,931.54,946.035,915.218,906.603,1598.62,1211.93,1207.92,1183.23,1501.89,1323.32,1853.67,1079.34,1270.86,2378.65,1618.33,1607.97,1612.65,1296.09,925.652,986.849,707.712,881.056,1666.82,1647.11
1195.65,1030.72,1675.31,1514.01,1393.83,1390.37,989.752,1582.29,973.092,1225.78,824.622,1356.97,1188.06,1143.4,842.873,1101.67,841.819,1101.68,1013.23,882.802,1272.95,2427.91,1764.85,1786.16,1619.74
624.63,1595.18,1899.3,1817.66,1304.43,796.124,783.245,771.064,670.772,671.053,670.842,670.436,843.847,843.266,845.175,843.426,845.119,1017.37,843.912,672.317,846.268,845.5,846.299,845.165,671.678
949.738,1148.3,1140.96,1116.35,1104.82,1095.2,1086.13,1080.88,1071.16,1062.34,1050.34,1043.77,1035.23,1027.72,1020.77,1012.02,1004.4,995.772,1190.39,1181.27,874.902,874.074,874.804,873.497,873.837
603.462,1483.78,1843.03,1101.69,712.697,712.141,1233.63,1102.8,712.005,1103.4,712.69,712.791,886.694,926.867,712.223,712.266,890.683,1059.9,712.118,887.445,888.536,713.862,888.775,887.746,1062.69
687.051,909.584,904.573,896.784,888.277,879.807,870.965,861.753,854.787,844.189,832.16,825.924,817.517,808.434,710.709,710.125,1256.94,1607.31,1585.04,747.922,706.607,707.123,876.91,705.346,703.173
1185.07,855.539,848.235,841.311,1626.23,1055.91,811.401,804.372,707.266,707.969,708.158,708.438,707.777,709.399,708.34,707.973,708.438,882.683,707.703,707.798,709.004,884.538,707.849,708.532,707.909
1638.37,2350.87,2177.97,1977.7,1033.47,1231.52,914.314,907.005,898.005,888.928,880.255,871.311,860.412,852.805,845.485,839.547,831.265,824.886,813.369,804.535,876.699,705.589,704.89,704.687,876.551
600.759,1077.49,1561.3,712.619,712.633,712.246,1303.56,1453.43,1363.31,711.882,710.359,711.188,1021.1,712.36,891.167,712.496,713.087,1546.12,2245.56,2483.84,1540.1,886.425,841.179,1513.49,711.336
757.378,980.445,971.188,894.866,871.27,872.421,871.223,870.316,871.57,871.247,871.828,871.547,872.353,1056.41,869.887,1054.53,871.913,871.882,872.678,873.144,872.102,871.179,1054.54,1054.93,871.746
618.851,840.025,831.983,824.709,817.646,806.03,795.607,697.383,696.991,696.559,696.834,695.769,871.049,869.596,870.188,869.684,869.976,695.415,696.07,1041.49,867.796,867.749,866.807,1368.99,1756.25
794.395,1021.13,1017.04,1010.28,1003.62,990.074,981.464,972.573,962.674,862.645,863.208,863.503,1046.42,1046.59,862.579,863.088,863.541,863.139,1046.93,1050.66,1048.4,1254.04,1774.07,1652.34,1640.41
706.295,1343.6,1210.52,1500.05,885.029,877.493,1176.95,1219.23,1895.33,2139.06,1095.52,1388.5,1121.49,1023.85,968.269,1098.87,1289.5,1489.67,708.105,708.397,707.837,1322.84,928.005,1014.05,1480.1
709.96,795.601,916.276,949.06,1028.32,988.982,1028.91,818.493,1119.21,1029.04,989.336,1089.48,949.373,1203.16,1383.99,862.417,989.398,1409.4,991.529,1643.52,839.071,689.911,899.218,1785.34,865.328
985.832,1596.33,1697.28,1517.28,1599.31,1824.22,1916.18,1894.74,1525.66,1592.33,1010.44,1725.73,1255.82,1638.71,993.361,1359.09,1218.45,1331.44,814.206,821.985,704.005,1456.49,1245.62,704.502,965.084
718.426,978.606,941.174,915.046,905.549,897.646,888.095,881.302,1062.43,1558.68,873.634,848.314,838.622,827.506,817.793,808.094,710.671,711.234,888.005,1056.6,886.978,712.488,1060.87,885.351,1056.38
707.594,930.125,1261.02,1171.55,1553.54,899.829,1186.47,894.262,862.438,854.785,846.25,836.84,829.627,819.515,811.075,801.438,703.3,703.245,702.611,703.437,1046.26,1214.94,703.264,701.196,701.395
983.481,1179.7,1306.67,1188.1,851.955,843.756,835.232,828.614,1722.37,1514.77,1403.87,1847.77,1592.8,1406.69,1522.7,880.066,988.585,853.096,1579.72,1765.97,816.307,681.259,856.201,679.815,680.472
658.689,977.485,874.245,864.482,857.597,848.195,838.941,829.352,820.548,810.408,713.218,712.187,890.18,889.368,712.615,712.611,711.857,713.711,712.832,890.219,712.41,713.633,890.737,889.965,1063.45
860.828,1089.14,1082.35,1071.96,1064.88,1055.34,1159.64,1034.36,1012.92,1004.97,996.595,987.447,978.451,967.566,866.126,866.26,865.812,866.622,866.939,1232.91,866.559,866.976,866.439,1052.07,1232.94
663.454,889.32,889.827,872.168,862.95,1157.51,1690.11,2013,1466.38,820.675,1836.67,1208.03,704.382,704.347,704.257,703.053,812.333,812.454,704.445,1704.03,1514.33,1453.85,1524.11,1354.66,1353.33
727.898,955.215,948.05,941.461,898.873,886.889,877.837,854.774,845.649,838.154,830.116,818.169,806.335,1824.69,1399.76,1687.2,800.184,700.926,701.688,875.11,1406.1,1672.75,1406.16,1643.11,1500.23
670.936,1032.54,884.758,1778.88,998.051,1641.3,1503.35,1319.15,1342.17,820.911,812.877,1016.57,704.87,1086,1039.08,705.933,703.472,1278.72,877.384,1253.46,904.411,707.831,705.759,1048.1,1314.14
1148.64,813.392,807.699,708.887,1215.57,839.004,1212.23,1333.38,1472.92,1229.8,709.042,707.503,883.257,1685.46,1306.22,1090.29,1249.4,1030.06,1360.38,2389.65,1106.44,1188.96,1272.46,2034.84,1546.47
910.325,1149.19,1108.76,1077.52,1079.03,1068.27,1060.22,994.654,1188.75,1854.29,908.94,894.709,1017.78,1139.22,1131.94,992.405,1115.69,849.656,839.786,1023.92,824.704,818.675,926.956,795.729,869.392
1027.2,2018.98,1010.07,1038.72,818.822,710.391,1293.79,1847.49,709.809,908.74,2030.67,1516.94,1314.83,1599.97,1527.19,1366.69,884.022,883.325,711.296,711.076,884.912,884.971,884.306,710.621,711.862
717.634,941.184,934.458,954.122,921.014,912.665,907.653,11084.4,1718.48,863.308,873.162,849.432,3112.64,829.296,2015.7,1245.25,911.033,1947.72,1210.68,1053.08,710.137,710.525,883.16,882.592,882.746
1488.84,1738.71,815.043,1297.84,998.116,1283.75,1936.66,1936.44,1378.62,1379.52,874.88,672.631,672.051,673.206,673.532,674.107,769.702,673.605,674.143,849.642,851.198,1021.86,848.757,848.951,848.785
631.538,847.985,840.769,833.731,826.388,815.685,807.535,800.297,790.051,688.429,688.255,687.825,688.509,689.629,687.715,808.766,688.338,688.431,862.141,863.865,864.831,865.44,1035.41,864.387,863.161
694.442,920.881,912.755,903.119,894.89,884.14,854.136,846.384,839.35,831.211,823.515,814.203,806.002,795.554,693.463,691.605,694.018,693.958,870.629,874.472,1043.64,1045.2,695.142,693.916,878.792
659.392,879.655,870.928,861.654,854.263,844.996,839.195,832.375,824.708,815.707,806.536,796.304,693.109,694.46,694.583,693.228,693.304,871.217,696.789,695.569,968.093,871.126,870.006,695.418,696.03
589.996,805.312,795.041,697.943,697.668,698.075,697.457,697.05,697.506,697.718,699.279,1353.64,1904.98,2073.33,1191.98,965.417,1403.16,2086.74,1030.32,1049.84,704.53,1307.86,1440.02,876.765,1485.69
763.411,983.132,977.47,969.511,964.74,925.057,915.138,913.108,889.261,872.363,863.405,854.575,846.5,837.909,827.517,819.189,812.799,802.174,707.451,880.652,708.082,708.008,707.626,707.395,706.941
659.006,883.392,876.047,891.282,858.769,849.344,839.528,830.6,823.997,815.419,807.623,795.786,787.29,966.02,854.275,854.048,680.023,680.327,852.723,853.737,856.316,856.89,680.321,679.526,702.272
750.963,929.206,920.727,913.572,905.643,896.85,889.533,881.201,872.857,866.933,857.906,844.155,901.239,1346.5,921.207,803.964,1194.57,1276.64,689.677,692.167,1065.78,865.154,692.666,1906.49,889.302
597.423,925.041,1026.64,1176.45,1440,1555.49,1099.58,970.491,1401.04,1230.85,1361.33,971.652,1101.66,1524.26,1271.57,1100.65,1954.5,1359.73,1995.42,2186.1,1364.82,1580.1,1346.8,2213.14,1631.2
873.551,876.032,863.053,1161.74,2139.89,1913.9,1394.28,819.815,808.674,711.883,712.326,711.651,886.694,886.358,711.12,711.45,711.338,710.341,1335.39,1710.31,1236.06,930.814,711.971,1517.22,1106.36
595.735,812.939,801.598,702.146,734.641,701.594,702.722,702.641,881.987,1473.6,1550.63,1257.33,999.13,1709.56,1000.94,959.234,995.678,1296.1,1220.37,1260.32,1448.59,866.801,3415.57,1425.6,999.014
1116.98,1250.06,932.963,972.075,707.897,1351.15,1103.35,706.512,1078.51,807.333,1399.8,1489.9,705.188,872.561,874.67,703.33,701.836,699.959,827.172,703.395,1044.45,1044.66,702.5,704.325,704.161
842.21,936.763,948.386,919.803,911.599,903.7,894.738,886.099,877.499,869.34,1381.76,1588.53,1169.98,1451.74,1436.85,824.476,2643.88,807.077,1030.41,1083.93,1082.48,2437.66,1159.08,1033.12,1354.68
783.328,852.956,844.242,836.378,827.895,820.237,808.295,711.722,712.07,712.501,712.459,711.626,712.327,737.18,710.811,709.167,1516.58,710.538,709.205,881.626,710.57,1139.99,1798.03,1647.38,1102.65
1173.45,1550.52,1060.05,1968.38,1839.27,1027.79,897.641,1135.06,1883.74,1118.39,980.429,1063.95,836.468,828.422,822.935,811.136,802.685,794.234,784.434,862.278,687.7,860.786,686.607,685.861,860.244
652.306,873.291,865.084,856.925,848.952,841.555,836.728,827.008,819.328,807.617,711.277,709.2,738.69,710.132,709.442,709.733,710.602,709.749,881.599,711.07,880.962,881.421,709.412,709.914,709.763
584.119,802.782,794.53,696.261,695.905,696.307,759.488,696.47,696.984,697.618,696.466,696.597,696.737,866.423,869.599,696.525,696.788,696.906,1037.85,1360.29,867.818,868.683,696.593,695.119,1166.43
703.582,917.142,910.365,883.012,874.336,866.157,858.257,849.622,842.285,832.991,825.607,815.336,806.475,710.51,709.203,709.21,709.133,878.218,879.269,823.145,908.832,930.98,1764.28,1052.1,882.518
1437.65,1919.65,2223.73,1585.09,914.488,906.305,930.51,1056.91,1391.27,872.081,2497.74,1347.29,1624.18,971.212,833.287,821.6,1052.64,806.652,823.005,701.811,1881.7,1436.19,1227.82,703.722,965.229
700.61,1205.16,926.932,919.338,901.715,876.829,867.151,869.777,873.33,862.585,1253.49,1630.44,1017.37,829.814,710.195,709.316,929.029,1037.45,884.185,1492.77,711.194,711.514,800.332,798.761,709.066
1258.02,929.296,923.129,919.481,903.697,1671.9,2043.61,1685.71,870.89,862.558,1511.63,1393.26,835.795,828.065,929.408,1575.98,1451.28,929.077,710.646,711.761,711.178,888.497,1012.26,710.866,710.591
1566.21,1599.3,1600.04,1371.05,1759.24,1691.96,1920.51,1502.86,1533.3,1254.5,1838.97,1401.26,1007.71,696.242,696.308,695.859,696.572,695.943,1298.63,1698.4,693.213,1199.77,886.072,693.182,867.979
637.655,852.746,962.119,1049.39,823.831,1361.75,807.836,799.11,700.708,700.711,701.628,700.352,1134.48,1388.47,701.199,1249.63,699.831,703.365,1414.18,1470.26,1359.15,1694.64,1362.36,1160.76,1888.58
725.838,947.877,934.521,921.661,1115.27,885.663,1450.47,868.891,1411.57,853.721,847.191,969.808,831.369,824.553,813.962,802.864,703.916,879.319,704.247,5591.38,1496.4,707.542,892.495,883.811,707.448
638.312,859.803,850.738,842.303,834.362,826.362,818.449,812.191,882.09,790.264,692.177,691.686,866.95,867.672,866.52,690.816,691.082,867.63,692.684,692.296,692.101,692.379,867.442,692.728,691.374
595.332,815.764,805.465,705.435,705.524,705.611,705.374,705.023,705.549,705.451,705.16,704.948,879.484,878.418,705.583,704.34,704.836,722.867,704.484,706.367,1051.11,880.242,1050.23,879.422,1051.1
678.616,899.879,891.715,884.381,876.033,867.506,920.288,850.367,843.412,833.979,825.362,817.525,806.005,708.687,708.671,708.456,708.951,708.805,708.941,883.145,884.063,709.429,709.079,835.536,708.171
626.053,845.871,837.263,829.547,822.628,815.277,803.841,702.274,703.056,702.576,701.951,702.6,701.592,702.58,702.847,702.491,702.231,702.207,701.99,1164.88,880.607,882.408,703.337,700.488,880.266
1004.69,838.451,947.15,1727.6,1466.05,802.374,1697.72,1399.13,1432.94,686.435,1207.52,1179.26,1177.93,1633.28,1528.22,992.854,1414,1476.64,865.932,864.765,1712.33,995.378,689.73,689.412,1432.94
1680.47,2170.46,1820.98,1714.27,1494.52,1586.03,905.684,1022.1,888.976,2060.85,952.917,1387.98,1669.15,828.547,1443.63,1632.93,796.884,702.23,705.788,1227.63,1663.67,1800.54,1229.08,702.48,1440.86
1543.92,1987.46,973.682,865.249,854.954,1447.03,837.79,830.083,818.718,1705.56,1101.92,1618.74,1100.41,709.86,1099.85,709.451,1061.97,709.962,971.074,1546.06,1522.02,1188.73,1152.49,1360.66,1431.4
772.735,1075.55,1297.73,858.478,850.545,1102.54,1534.62,827.574,821.674,812.994,803.498,790.345,693.837,814.975,1354.84,1263.45,1341.77,1436.92,1618.89,2292.8,1959.68,1725.12,1223.58,1129.21,797.511
997.69,1298.4,1949.15,1365.92,1661.92,1385.49,850.959,841.563,1235.73,1103.91,1425.62,1911.98,1004.98,1142.79,813.772,1142.79,1636.18,1494.19,1302.21,1257.99,1010.59,882.207,924.282,1552.49,1705.54
1243.53,1786.64,1788.19,1409.63,1355.08,1381.07,1029.91,1332.87,1104.64,1206.73,1406.9,803.56,1426.21,1643.88,987.466,1250.44,704.147,1360.38,1597.17,2180.82,880.698,2027.29,1032.87,703.213,702.464
1368.44,1197.97,897.882,888.413,878.884,870.285,862.192,854.284,845.654,837.327,828.937,817.558,816.558,713.095,715.395,712.896,713.47,713.547,713.782,1022.66,1740.05,1608.93,2003.15,1793.93,711.213
1142.99,2206.92,1860.38,1690,1986.09,2300.08,2555.56,2139.57,1213.45,1002.81,994.68,996.829,978.61,1170.97,1962.26,1771.56,1923.36,1644.48,2036.49,2039.13,863.189,863.029,862.425,924.665,862.927
642.874,867.331,857.805,1603.65,1145.89,1052.57,824.966,817.044,809.214,800.739,791.495,783.96,684.491,812.331,855.367,855.237,686.722,858.979,1302.32,1618.12,1734.72,1788.73,1343.89,1343.17,1345.29
814.606,929.092,922.373,916.503,906.629,899.508,1110.84,1591.95,1310.66,1034.39,1801.81,1654.52,1057.54,828.948,820.989,1305.25,1366.93,796.721,974.281,862.653,689.416,863.654,864.859,1035.96,1061.65
721.46,941.482,935.969,927.83,921.533,930.8,921.036,877.864,869.126,899.063,852.775,844.96,832.091,824.875,884.437,807.627,709.974,884.298,883.899,993.299,708.133,712.582,1053.39,882.843,883.365
801.882,1002.39,973.736,954.888,927.362,1042.75,917.337,887.062,879.312,870.2,862,853.278,844.615,1163.94,936.077,1258.33,1135.62,1508.8,1367.13,930.495,886.682,1007.74,711.392,885.941,886.794
624.292,840.877,832.55,828.662,816.815,806.869,799.011,789.063,692.987,693.562,693.243,693.369,693.481,693.658,813.684,693.467,693.136,693.437,693.97,867.648,695.251,868.069,867.24,693.542,693.374
597.3,812.708,930.409,703.614,704.083,703.728,703.882,703.598,702.606,6623.62,1461.48,1302.97,1647.05,706.118,1131.57,1137.95,906.27,905.511,813.605,1739.09,2293.59,945.818,705.13,704.861,704.383
701.612,929.349,945.045,916.5,896.228,887.339,878.733,1654.78,1251.18,851.257,2879.34,2084.62,2017.5,1222.52,1756.32,1650.28,1498.72,1414.27,1530.56,1602,1447.17,1334.25,1641.02,1121.66,906.037
1318.51,1210.95,1174.96,1207.37,1631.7,847.63,1258.96,1772.15,825.913,816.438,803.767,705.895,705.75,971.489,706.113,705.239,705.342,705.2,707.193,1219.26,706.721,707.625,827.334,881.237,882.238
809.977,1029.03,934.241,925.479,916.142,908.832,899.846,891.682,883.363,875.707,866.13,858.704,850.718,858.239,900.332,1071.98,792.916,1000.61,909.335,1053.16,881.894,1300.89,2127.03,880.726,2316.14
1890.93,2162.94,900.132,892.805,884.945,876.583,868.779,1463.14,1394.21,1220.78,942.508,826.615,817.63,836.828,797.629,700.631,700.76,700.509,700.121,700.919,700.727,702.928,700.115,699.926,874.292
866.114,1092.64,1083.64,1073.63,1064.32,1054.65,1047.8,1039.77,1035.89,1055.9,1017.77,1009.12,1000.71,992.881,982.733,971.067,871.334,1055.41,870.558,1056.08,999.811,871.707,870.876,870.809,871.3
791.367,963.086,951.681,926.365,2145.74,1792.04,901.368,1151.68,1485.39,1578.49,1922.34,1168.58,830.837,1079.63,1071.68,1667.38,1651.13,1445.35,875.067,875.207,702.514,706.18,703.131,691.255,699.143
641.702,888.051,855.212,845.756,837.925,830.717,817.918,807.547,711.402,710.471,711.501,711.692,884.741,884.779,892.357,710.925,712.253,711.623,711.485,1058.98,712.238,713.871,886.332,711.246,889.167
1854.22,1642.7,1523.16,864.386,1189.76,958.7,840.484,1562.47,1730.47,1476.19,1544.6,925.071,881.355,1650.16,984.361,1381.44,1349.57,707.764,879.07,880.232,1213.35,1275.7,880.848,1171.53,1048.41
744.937,964.824,944.706,929.932,1041.08,915.115,884.254,875.855,867.157,860.175,852.732,845.476,837.517,829.84,821.944,810.682,814.033,876.036,1397.45,1519.38,1366.34,690.173,862.403,705.645,704.804
635.774,855.244,848.075,841.095,834.209,828.369,818.709,811.236,914.976,789.863,688.972,688.779,688.774,688.418,688.582,688.904,688.926,688.509,911.38,1581.13,874.242,873.672,698.895,697.396,1166.81
622.227,842.074,836.084,827.783,820.256,809.159,920.373,790.519,689.334,689.404,689.535,689.484,690.116,689.174,689.619,691.029,689.202,689.474,689.784,690.858,691.568,865.326,865.069,986.152,863.95
617.052,1536.89,1537.71,944.607,1067.15,1777.93,1544.51,780.547,943.742,1252.14,794.027,1398.28,944.758,684.157,684.19,1366.78,1546.94,1116.95,684.428,1549.06,1886.43,1299.53,895.619,693.371,813.803
1430.71,1766.08,2209.29,1619.03,1568.04,1831.05,1425.35,1761.69,1415.96,1466.16,1638.36,1210.05,1423.64,714.894,1056.47,1183.68,1568.1,884.093,1142.56,1321.92,715.706,716.345,1057.4,885.808,885.762
692.285,1732.44,1217.36,1421.9,890.671,2930.11,876.833,866.521,1079.95,851.22,841.886,1124.21,1445.4,1217.91,1807.24,1552.8,1576.47,1425.98,2122.55,882.086,1148.13,1614.65,882.176,884.669,1539.85
1167.73,887.869,881.431,2165.13,1471.36,858.764,852.65,841.632,954.22,825.841,817.193,807.277,797.073,872.43,871.977,872.868,696.493,872.714,696.637,871.273,696.732,698.264,872.632,696.212,849.459
1214.51,1144.35,805.689,709.605,928.12,817.411,708.557,1110.91,808.384,817.986,708.264,708.07,732.168,708.079,886.985,708.558,885.718,886.366,886.699,1055.61,887.013,885.727,883.302,907.584,889.025
641.702,863.19,855.629,846.501,839.126,827.091,818.466,808.548,711.103,711.513,711.047,711.49,711.381,711.111,710.765,711.548,711.327,887.469,888.739,888.345,731.95,890.406,712.344,712.544,711.427
628.49,846.244,839.79,831.855,824.499,812.935,916.391,704.103,704.467,704.281,703.468,703.921,880.391,879.539,1861.66,1356.96,8324.48,1661.76,840.32,1009.76,2028.34,1065.75,1720.1,705.849,704.77
802.1,1024.86,1018.14,1005.54,994.747,983.949,975.57,967.573,1076.56,860.13,860.296,1187.42,1858.65,2097.75,2212.34,1966.64,1369.97,1047.44,865.782,973.233,1629.49,1197.55,865.556,1554.75,1529.24
703.322,927.452,1425.88,910.921,904.179,897.587,886.075,880.258,868.247,864.452,853.509,847.766,836.928,1496.45,947.25,1496.56,1494.05,1496.45,893.96,898,896.713,719.937,1005.82,2391.71,1951.81
1904.93,2700.63,2109,1535.84,1001.87,2633.15,1467.83,2489.33,1278.53,934.314,1726.19,1216.74,1448.06,1628.33,1001.93,885.077,1725.47,1064.61,1693.44,1336.72,3502.9,1830.55,1758.72,817.724,721.952
1016.6,978.825,967.782,872.12,871.369,872.071,871.679,871.512,981.597,871.511,871.397,872.065,872.971,872.539,872.551,873.217,1062.75,1047,873.933,1225.95,985.864,1230.74,1230.25,1227.88,1049.71
602.059,820.025,811.661,716.941,717.163,717.428,717.682,717.106,717.441,827.168,717.005,719.569,717.637,887.495,716.26,889.149,717.805,889.619,1061.73,1222.84,1066.82,896.86,834.017,718.404,718.536
737.799,961.367,935.355,927.907,918.908,894.199,885.562,876.951,868.882,860.4,940.124,843.694,832.831,822.651,813.576,716.993,717.366,717.304,889.347,891.353,1100.59,1268.01,711.551,708.785,762.836
1185.38,1319.76,2068.81,2176.41,1924.82,1431.73,1071.42,1026.8,1041.62,1036.71,1798.78,4934.89,1596.11,2063.92,2514.84,1513.52,1620.55,1516.55,1193.14,1259.9,1075.18,1055.57,868.988,1210.08,1087.08
975.23,1221.82,1152.47,1145.46,1149.31,1141.03,1143.02,1243.52,1129.45,1069.26,1058.98,1049.32,1020.5,1011.44,1003.83,1105.86,998.983,973.164,1156.45,1058.24,872.329,871.586,871.644,1047.37,871.801
954.009,1176.12,1168.66,1107.01,1092.8,1090.25,1091.44,1046.7,1038.17,1029.28,1020.25,1016.76,1435.52,2115.16,3927.01,1278.41,1075.51,2422.11,2301.32,1001.4,982.154,1773.38,1968.87,1898.51,1557.42
617.12,951.912,1344.41,1084.85,1526.79,807.59,1410.32,1499.55,951.622,1081.88,1506.48,1192.83,1081.86,1375.76,1212.69,691.637,951.181,1082.92,1082.09,1532.71,1566.21,1063.42,1614.66,2043.01,2164.98
896.739,1160.86,1110.87,1088.07,1150.96,1222.77,1080.79,1040.79,1041.81,1021.49,1026.01,1203.18,997.962,1207.56,1277.42,1843.21,2050.84,1238.76,1954.16,1073.05,2174.7,1279.46,1605.34,2234.31,1742.36
598.111,4066.79,1316.9,704.434,704.864,705.094,704.688,704.554,705.811,707.682,707.758,708.228,709.557,706.589,884.608,705.997,705.911,705.814,706.042,880.133,880.868,1218.19,742.703,705.095,879.481
593.097,1201.23,1572.65,1485.32,836.25,819.353,838.093,705.838,1358.95,1461.4,1622.42,812.712,1168.7,892.855,712.888,712.116,882.231,1797.74,1491.98,990.266,1361.77,1272.41,881.129,879.423,879.916
605.932,825.184,815.933,720.432,721.075,719.729,831.347,721.557,721.801,721.829,721.952,720.966,893.541,720.996,721.18,721.516,721.46,721.871,1426.15,2064.14,1678.76,1927.71,1737.76,1527.27,1325.51
603.291,819.7,809.846,714.086,714.424,714.065,714.269,851.882,714.887,714.853,714.222,715.13,887.752,888.609,888.138,714.205,899.084,1064.03,714.42,889.173,715.002,796.525,716.236,715.413,715.788
800.24,1006.15,1000.6,986.855,905.653,897.476,915.93,881.968,872.75,863.667,855.029,846.394,836.694,828.986,815.693,830.379,708.695,897.211,708.106,708.122,888.281,886.072,1264.44,1514.54,708.752
1447.08,2082.7,1535.3,1188.28,1841.73,1240.34,900.609,893.265,884.966,888.367,869.262,1474.35,1212.69,1274.27,1304.34,822.876,1337.1,1142.42,897.545,1260.67,1319.05,1371.38,2017.28,930.031,718.139
1733.32,2377.11,1902.26,1317.04,1798.18,1689.58,1773.17,906.296,1417.54,1958.07,984.078,875.835,865.765,1852.85,1874.65,1054.27,1385.32,1751.58,813.865,2226.8,1240.44,719.956,719.901,1021.28,1240.12
654.827,877.112,869.851,973.097,853.945,845.561,836.831,828.484,819.929,807.04,1254.63,1543.68,1604.76,1213.48,711.587,712.853,826.352,881.846,934.811,1320.97,712.379,713.335,712.651,884.174,1055.5
713.371,930.335,922.337,895.779,1025.38,880.149,872.019,864.049,855.709,846.598,837.9,827.176,818.434,1020.39,1251.11,1254.72,1801.65,1504.52,1403.21,1274.13,1176.54,896.901,4600.32,894.451,2251.07
712.485,821.174,812.413,715.107,715.434,714.795,737.987,716.679,715.083,2004.87,1633.87,1571.15,1319.74,1520.8,816.124,714.795,715.178,738.191,716.874,888.191,715.879,888.352,1059.45,886.791,1222.01
987.167,1148.26,1136.22,1104.37,1096.71,1089.96,1337.8,1371.4,2167.09,1245.28,1253.55,1876.46,1019.62,1316.5,1711.48,1414.4,1406.46,973.361,963.854,864.76,864.033,898.064,1231.03,1233.84,1048.74
627.452,851.027,1391.58,1163.64,1079.17,1766.13,810.139,797.688,701.732,700.298,700.817,700.367,1174.15,2038.76,1004.32,700.592,1120.66,1469.61,1473.1,1584.48,811.184,700.892,1354.83,1043.5,873.414
1843.87,1171.82,1133.73,1936.22,1527.75,1085.33,956.881,951.987,958.642,909.588,901.915,894.836,886.321,878.045,857.505,849.758,1154.9,1886.49,2476.31,2003.41,1967.65,1445.82,791.656,1691.18,1381.69
1019.84,1280.57,1420.73,1493.62,1417.22,1484.54,1616.63,1104.4,1548.34,710.083,710.362,1256.48,931.827,799.636,1273.91,1317.5,710.647,710.602,883.398,882.325,710.622,880.971,907.177,711.967,711.516
644.553,869.132,861.174,852.332,845.56,836.647,827.936,820.642,808.706,800.181,1172.11,693.787,1586.97,1901.09,1618.9,1706.26,1130.96,1388.25,1097.01,1577.94,1574.53,1802.51,1808.82,1802.67,1343.94
1000.86,1003.55,1702.89,985.732,998.583,959.423,958.426,943.234,935.777,907.551,898.873,913.672,883.69,875.716,867.787,855.774,847.413,840.653,1335.38,1596.83,817.021,719.313,720.886,979.904,1371.36
624.848,846.277,837.341,830.005,822.458,925.578,802.688,794.1,698.276,697.483,697.393,697.152,697.425,697.78,697.405,697.217,697.637,698.547,698.127,981.813,698.048,873.586,699.107,872.693,872.615
779.887,994.337,1691.69,1866.51,2043.77,1580.64,907.068,1485.51,972.801,1410.66,1471.43,1648.31,1973.03,4768.22,822.165,1134.84,712.227,1025.49,1323.82,821.841,713.122,713.858,887.423,1663.55,1581.18
674.672,894.94,984.927,878.94,871.219,862.975,855.806,849.425,839.869,831.824,824.55,816.336,808.12,910.475,789.644,692.667,692.512,692.442,692.007,692.653,1035.5,1197.64,864.261,864.682,692.321
631.232,853.84,845.466,836.625,828.405,927.762,808.678,800.166,791.249,694.612,694.53,694.518,868.395,868.304,868.76,866.468,694.798,868.521,809.941,695.003,869.922,1041.21,694.765,694.602,695.399
686.603,1299.37,1159.98,1021.93,1386.99,875.146,1258.74,1120.49,981.324,1235.89,835.786,1215.9,816.217,806.259,1523.88,1258.41,929.583,1631.6,1122.22,1211.83,1055.94,1053.13,711.388,712.126,712.276
726.099,981.474,916.579,967.967,917.429,986.923,1924.76,1809.86,3245.67,1294.63,1064.26,847.841,1471.24,945.097,1054.79,991.591,1716.42,1416.68,1416.7,1048.84,710.673,710.794,1428.98,1428.95,1062.4
731.503,1775.06,1936.26,976.885,717.836,716.912,717.833,717.913,718.11,717.55,737.286,725.085,722.248,726.601,889.61,830.615,889.846,718.463,718.754,890.195,890.658,1062.91,720.132,891.558,718.886
695.492,918.105,1677.12,1530.74,1284.15,1186.56,872.934,863.326,853.976,845.909,837.664,829.875,825.48,921.458,801.536,707.429,707.239,707.577,708.946,1053.02,1789.53,1156.78,1600.06,1036.94,708.852
1743.73,2565.62,2209.4,2174.24,1568.45,1706.97,1763.81,1029.64,1021.85,1565.56,1416.51,2258.61,2122.52,8573.51,1812.73,1179.22,1356.52,1560.95,1746.77,2475.51,2154.42,2043.12,2487.2,1319.04,1590.5
1101.29,1359.95,847.917,839.26,941.296,1328.47,810.451,1109.17,1471.21,703.458,703.688,703.07,1032.05,1681.36,1092.06,704.174,1813.97,874.94,921.797,1381.05,1032.04,1836.97,1786.68,1355.02,1596.87
662.302,885.925,876.429,850.149,842.382,834.211,825.501,818.693,807.806,910.599,791.346,784.028,959.691,849.498,847.42,849.046,849.608,853.868,680.654,847.759,850.417,793.164,677.197,848.272,676.945
870.557,1095.82,1088.35,1593.78,2075.81,1583.64,1542.26,1579.28,1038.76,1603.29,2046.96,1387.59,2064.29,1110.26,1579.29,1459.92,1271.41,1724.43,2061.01,1850.93,2015.48,1806.32,2665.79,2893.25,3003.81
1480.89,1145.75,952.412,943.453,1444.32,1213.24,999.831,901.404,892.82,886.873,875.566,867.216,858.225,850.662,843.161,834.579,849.28,814.903,805.449,883.114,884.175,2283.77,976.523,904.162,714.455
592.624,810.846,800.6,811.96,1354.3,1438.75,1278.54,855.188,1469.87,1424.72,1611.21,1492.66,1793.72,1361.8,1915.61,1859.76,1361.97,1613.27,1633.94,1306.98,1159.79,1380.62,876.123,1199.58,1203.65
2152.66,2012.04,2071.66,2128.89,1675.75,1739.99,919.299,1760.5,1012.15,894.529,998.286,1098.15,1727.91,1174.16,3197.62,846.04,1352.68,1704.27,1752.46,721.237,721.342,722.703,833.263,721.501,721.312
756.469,977.107,966.982,872.349,1262.83,871.799,1199.94,1174.44,1653.79,1190.5,1131.01,1803.75,1705.41,1564.56,1910.38,1532.21,1565.56,1798.15,1885.4,1391.51,1651.85,1652.58,1485.68,1089.68,980.203
892.367,1278.86,2293.2,1319.98,1521.36,1488.75,1262.99,715.956,716.157,716.213,1470.57,1758.67,1691.08,887.183,885.385,1733.12,1496.88,1495.14,1665.91,2002.96,1164.32,1750.03,1568.89,1210.93,711.897
624.472,842.064,948.274,826.258,819.06,810.174,802.081,790.866,694.321,694.075,694.785,694.529,693.995,695.576,694.382,716.978,694.137,693.782,694.828,871.213,1300.74,1503.44,1230.73,697.578,894.868
729.074,951.281,939.813,958.112,906.018,1443.06,890.979,1099.29,875.136,867.292,1187.39,851.027,1061.1,833.102,1044.32,1144,805.349,706.36,707.281,880.955,815.759,1799.77,1507.74,1084.36,1761.32
12254.2,931.853,923.41,1053.88,907.755,901.412,1335.44,2099.19,875.638,977.302,861.231,854.017,846.001,1329.77,828.625,816.768,1145.63,1766.96,1599.17,1693.81,1201.2,893.255,723.23,1035.19,1641.68
1013.02,1489.47,959.438,1109.06,868.082,1824.17,1084.49,867.502,1701.7,1487.36,6987.4,2157.77,1643.44,1106.24,870.313,1047.68,869.65,1047.96,1287.88,1564.99,999.305,1801.93,1739.27,868.05,1399.59
1012.08,816.696,807.169,1214.81,1316.19,1417.36,1596.44,1534.64,1715.86,1766.72,1131.96,1785.65,1587.29,1691.46,1960.46,1544.97,1804.63,2007.97,1210.71,1684.05,1794.89,3115.22,1575.45,1010.08,979.168
1117.27,1079.95,852.067,843.837,835.605,827.824,819.968,1028.55,915.933,1498.62,1085.11,687.957,1405.9,1197.26,858.143,858.825,859.924,685.576,1030.82,1172.58,1475.3,787.361,737.314,1332.88,1334.14
868.513,1378.03,1784.5,968.528,1674.7,989.833,833.085,826.353,812.181,715.943,716.44,733.205,715.288,715.714,715.699,715.581,715.69,1178.89,1689.07,1923.97,1799.23,977.262,1366.69,715.69,1367.04
643.894,866.816,1380.49,981.882,1205.06,1814.9,1892.45,1702.63,1526.93,1415.41,1449.63,1549.62,838.23,979.853,849.564,808.465,1092.21,718.642,1822.9,1020.85,1320.23,1521.03,1743.36,2075.3,718.835
1150.06,1734.86,1216.42,1567.96,1499.17,1079.47,1562.59,1319.92,961.671,1521.42,1283.55,1231.96,1563.19,832.147,1072.5,832.043,1352.73,992.863,701.986,872.584,703.74,704.996,922.116,1899.14,1904.7
1703.51,1917.01,1126.7,1733.72,1913.14,1755.84,2163,1869.16,1732.34,1926.36,1648.1,1898.6,1963.55,1215.09,827.073,820.645,811.881,925.918,792.139,873.428,870.936,870.495,695.686,695.234,695.194
612.698,831.644,824.179,815.518,921.849,799.827,789.099,691.593,692.397,691.245,692.873,691.818,691.526,689.484,691.153,690.925,691.104,804.634,690.867,866.248,692.168,867.438,866.144,866.769,1039.61
962.368,1198.74,1103.51,1102.29,1086.51,2027.07,2619.31,2320.68,2126.53,1426.56,1475.91,2071.06,1865.66,2373.28,1216.37,1676.13,1208.38,976.295,2091.8,970.406,1373.88,2107.34,1455.13,1050.49,1537.79
732.601,933.168,924.204,917.532,908.31,900.051,892.989,885.063,992.457,869.639,861.137,853.233,845.462,836.426,823.488,815.432,718.31,888.894,716.54,1033.2,718.728,720.408,718.305,719.14,1652.78
696.901,922.827,1657.5,1813.46,1674.62,1780.99,880.076,1827.44,1785.97,1358.05,846.17,838.458,1161.62,1429.97,1986.84,1221.18,1477.12,1277.83,717.539,1525.41,1315.48,1777.89,719.321,716.399,1208.69
806.051,1518.08,1657.12,1173.11,1237.24,1500.04,1121.66,1246.27,1367.19,1374.22,1309.41,819.805,1318.13,1339.7,711.729,711.908,1070.93,1427.06,1664.22,822.379,712.049,821.888,712.304,1259.19,1560.21
1034.32,1390.58,1239.67,1262.91,1334.56,1212.9,1235.44,1175.45,1217.65,1049.87,968.896,1490.47,1229.18,707.611,708.483,1600.16,718.938,704.961,705.535,705.695,706.501,1614.8,1419.23,883.228,2251.71
1085.92,1219.95,958.474,1795.92,1083.55,874.578,978.637,1060.13,1797.74,1888.42,1742.6,1137.32,815.808,805.19,708.278,1102.83,1606.59,1414.43,819.657,2208.23,1147.1,711.647,711.609,820.098,1367.36
597.023,5786.45,1303.17,967.355,713.713,713.063,712.71,713.431,714.163,713.043,713.85,713.502,881.013,990.464,1369.48,998.147,715.725,716.459,1438.61,1481.29,1562.16,1104.35,1818.58,1315.03,715.781
844.343,1599.44,1129.35,1003.41,1406.89,1583.43,1662.41,1033.47,915.533,1334.3,1882.99,2083.96,1100.77,875.795,1086.91,1293.11,1724.04,1143.57,833.168,1042.03,1551.44,1007.52,1069.74,1067.42,718.902
888.014,1642.62,1092.03,1066.32,1057.79,1048.19,1039.05,1030.56,1022.34,1014.16,1129.81,999.261,990.041,978.276,968.963,872.666,873.43,873.913,872.57,1341.43,873.225,1051.42,1049.14,1049.22,1389.09
639.288,861.144,853.907,959.659,837.655,829.504,818.034,722.088,721.469,721.667,720.665,720.626,720.31,720.282,1031.92,1048.47,720.695,720.751,1324.69,1410.46,1522.89,893.611,892.895,1548.3,2637.17
775.883,908.483,899.292,890.999,995.539,874.41,865.674,857.87,850.969,842.3,832.21,824.96,817.354,808.296,909.936,703.921,703.1,702.912,703.19,1043.21,1045.53,1047.3,702.876,703.201,703.446
830.362,1055.11,1007.61,940.924,936.83,921.767,1027.71,904.995,896.98,889.338,1452.4,1684.54,1779.42,1711.59,1057.78,1886.83,832.041,1477.63,1581.43,1461.92,910.744,1839.7,1867.89,1417.87,2311.09
646,868.35,859.999,852.725,844.58,836.999,826.574,927.407,721.127,721.495,720.398,720.779,721.532,721.322,721.802,720.819,720.657,720.546,867.319,721.343,720.961,893.259,721.696,721.555,721.94
601.766,822.241,812.513,716.679,717.373,717.12,837.607,717.553,716.766,716.821,716.105,716.87,889.4,887.983,716.397,888.83,717.492,1001.99,717.88,889.78,718.061,717.73,888.821,1218.05,1221.62
1319.7,857.14,849.119,1386.89,831.578,824.05,1117.91,1372.69,991.551,716.619,716.077,1462.88,824.849,716.796,1152.93,825.857,716.396,907.849,716.183,716.584,888.138,1105.9,716.718,716.2,737.881
600.478,836.109,813.29,716.943,4735.38,1332.27,1322.31,1513.45,1419.99,1124.88,712.15,712.382,1103.02,712.326,707.737,909.396,1323.31,1747.53,1433.36,1137.47,2155.96,2123.54,1215.53,1370.65,886.773
1262.13,841.788,1647.06,1085.05,1469.6,1278.22,1099.43,1130.08,822.849,1083.95,823.407,1084.45,692.926,694.421,938.166,1504.76,693.684,1326.9,1535.61,824.212,824.742,1548.8,1257.73,1270.74,913.955
841.355,1323.14,1357.96,1388.64,948.703,808.606,929.569,1092.81,1042.94,1382.84,962.941,1054.96,1723.28,1524.46,702.502,1393.45,871.245,1002.52,1002.85,1212.58,832.941,1407,832.665,962.464,1443.91
1345.88,1274.16,1345.74,1019.58,1662.68,850.799,1235.81,834.448,823.694,1567.68,1594.25,1420.46,822.551,732.685,1914.57,1634.82,1236.76,886.719,1732.02,1710.64,1465.21,1595.4,1669.59,1880.13,1887.57
734.919,956.05,946.354,939.56,910.143,902.509,893.492,880.401,987.29,873.576,854.651,846.516,1055.15,1221.26,1444.66,1299.6,722.693,902.508,2056.5,2003.05,832.196,722.571,4453.18,1666.77,1538.18
6791.22,1431.27,900.449,1569.24,1537.35,1414.37,1694.96,1778.35,1223.21,1398.89,1814.6,920.865,813.373,922.257,704.925,1111.01,1213.87,710.964,883.292,883.332,883.519,882.616,882.925,994.116,882.976
706.051,928.32,919.976,914.197,907.856,883.081,874.733,867.194,973.109,851.945,844.122,835.454,826.7,815.974,805.777,710.104,710.057,709.908,825.177,884.599,886.638,888.717,885.617,886.922,887.282
735.052,945.198,919.965,912.234,928.052,896.184,888.388,880.591,872.725,865.628,862.251,848.373,1344.19,830.376,822.636,813.066,716.983,716.747,1402.78,1977.51,715.137,1721.36,1815.1,1277,714.766
1305.97,1243.15,1663.43,1138.99,1588.55,1138.72,1139.18,1347.96,1849.22,988.888,1699.67,1007.91,1458.31,2579.71,1813.65,1388.46,1187.78,1807.3,1055.78,1567.11,879.329,1059.43,1953.1,1853.37,1886.47
614.387,820.453,1365.91,724.734,1065.25,1126.31,1732.68,1430.63,813.953,1091.64,936.116,713.153,880.558,881.077,713.735,712.911,713.008,713.745,713.569,883.202,828.668,714.693,715.054,1102.94,2149.04
1517.04,2269.1,2097.39,966.313,867.984,1316.7,1757.26,1857.84,1869.51,1104.75,1947.35,1678.36,1145.6,1373.3,2833.53,1851.08,1204.28,1171.68,2217.34,2164.61,1388.69,1799.51,2172.66,1714.22,1097.62
611.2,832.541,824.74,816.339,807.544,808.89,788.103,692.119,1082.4,871.216,690.992,691.225,864.31,863.468,863.333,862.542,863.047,690.149,1074.35,909.013,691.208,863.789,691.136,697.819,691.124
661.632,879.875,872.566,1083.33,1295.42,1641.27,1040.99,831.112,1040.51,1459.07,846.558,1234.09,975.6,1220.69,1364.05,716.027,1363.79,1275.44,1143.94,1865.01,1233.91,977.418,1234.28,1215,1144.75
597.897,928.612,804.572,710.352,711.184,709.777,710.303,709.938,709.219,709.644,709.996,709.113,822.534,1036.73,1060.86,709.792,881.46,710.182,709.638,710.532,710.736,710.999,1164.3,1051.61,1053.99
607.445,824.228,814.755,719.258,719.459,719.349,719.146,719.243,719.476,1547.96,1386.07,1669.72,1892.37,1948.61,1329.61,1963.31,1461.98,1542.35,717.664,1004.42,890.662,891.757,1498.09,1156.07,888.435
856.471,1079.71,1072.08,1064.08,1055.22,1091.34,2087.84,2518.82,2336.87,2489.18,2379.35,2242.64,1799.13,1388.6,1589.79,879.836,1590.93,1314.36,880.546,879.817,1057.59,880.088,879.77,878.554,880.161
599.07,817.42,805.973,1416.47,1697.66,1665.35,1800.82,1468.28,3345.4,1553.67,930.782,818.966,1364.18,1586.84,1908.47,1383,711.077,711.407,1052.53,1207.44,881.386,911.685,816.491,713.468,711.639
605.481,825.105,815.822,721.165,721.745,721.246,721.572,836.151,722.113,721.387,721.226,721.347,892.522,892.223,720.748,1295.8,1357.32,828.481,720.668,718.527,718.11,718.208,934.884,1826.91,1599.21
1676.75,1811.39,1268.87,1766.95,1396.42,951.98,950.367,1989.51,919.448,1399.88,800.629,1294.02,1345.06,1474.99,953.864,692.702,952.825,1778.83,1476.11,1345.69,1285.61,693.568,981.73,2037.72,1555.21
1461.73,1441.2,890.053,882.634,874.568,1470.06,1815.93,1628.58,1750.44,1220.78,1083.32,1072.07,715.791,1235.83,1366.56,976.19,827.75,1408.65,1797.91,2391.26,1279.17,716.373,976.011,1506.19,845.757
637.307,1961.34,1760.45,1623.46,1510.97,1956.99,1768.75,1609.72,1358.94,707.079,1010.96,878.408,1127.69,1018.31,1147.02,707.719,708.528,709.105,710.516,734.656,1086.04,1765.95,1366.3,1639.71,1070.06
786.891,954.11,924.993,1929.57,908.198,1117.11,2122.61,1486.29,873.699,2050.33,1287.49,1280.72,2469.16,1347,2276.69,2461.33,822.841,890.648,720.614,1122.6,922.348,908.325,721.921,721.648,721.135
606.119,826.073,818.42,811.152,802.466,792.661,783.042,686.583,686.468,686.04,792.529,687.117,858.387,858.782,858.699,857.98,859.083,858.845,687.554,834.388,1566.67,858.856,685.422,683.309,683.979
661.087,883.096,875.673,868.8,1189.94,1353.69,837.691,828.454,819.966,808.912,712.334,714.256,889.703,721.008,1003.35,890.006,889.697,719.753,720.292,719.999,1293.39,1502.67,721.701,1081.78,834.859
1195.42,1941.85,1675.69,2067.24,893.857,1577.47,1859.29,1633.37,1194.88,854.879,1393.48,1036.28,828.905,817.76,807.717,712.605,712.341,712.696,828.36,712.787,712.533,1055.04,712.32,884.94,885.306
599.256,928.886,806.983,1258.01,1286.43,821.491,1991.5,711.813,2301.84,712.229,871.434,823.554,1658.18,2171.16,7557.16,1790.74,1738.14,1791.57,1359.79,1420.51,1621.77,1491.62,710.934,1732.93,2091.44
659.66,883.891,874.948,867.221,1004.52,851.455,842.899,844.089,823.291,812.73,716.63,717.193,717.414,716.973,716.923,833.498,716.651,887.254,716.677,716.445,888.847,1059.78,717.279,716.247,716.68
693.873,916.335,1235.31,1657.98,892.857,880.974,872.374,865.085,856.46,849.164,841.472,935.676,823.812,815.387,803.232,709.029,709.133,708.257,708.725,708.473,1317.29,1049.83,1049.19,879.564,879.106
919.334,1038.4,810.81,1682.03,1528.07,1029.78,714.394,1651.8,1559.13,1538.29,1679.05,714.062,713.917,1221.18,1850.96,1365.48,713.415,713.654,1239.5,1820.8,886.575,712.301,709.145,709.387,710.778
1006.85,1104.46,1082.98,1075.15,1092.28,1081.36,1433,1057.91,1167.86,1045.59,1012.48,1005.11,997.623,987.214,979.543,1080.2,957.584,1039.68,864.829,1220.82,868.811,868.738,1043.89,1157.24,1219.65
591.912,811.167,871.363,704.363,704.863,704.47,704.837,704.581,704.905,705.013,704.512,727.414,876.459,705.03,875.605,704.067,706.068,722.464,704.996,1049.03,704.891,704.936,705.993,704.915,704.817
725.03,1535.59,925.463,896.927,999.865,1457.66,872.389,1349.85,1123.32,1066.52,1579.71,1888.04,1477.64,1042.95,802.806,1012.46,1444.16,1739.08,696.498,869.264,1390.35,1242.7,1944.35,1901.79,817.331
1598.55,1623.67,1828.37,2074.59,1675.83,2936.85,1121.01,1455.19,904.184,4400.24,1795.13,1343.63,1396.89,1127.43,989.307,858.277,835.067,942.722,819.414,723.156,851.677,895.916,894.741,894.968,726.592
829.363,946.23,937.563,930.553,920.781,916.998,916.361,897.659,1100.3,874.183,848.906,855.568,833.426,829.954,829.036,885.489,721.473,798.821,728.823,716.296,888.418,1090.89,719.259,746.649,732.883
784.008,996.562,1021.02,962.189,929.592,904.255,895.676,875.965,864.19,852.604,859.541,841.989,842.473,820.57,849.784,854.06,723.283,821.562,884.011,1055.29,713.455,889.925,712.454,712.63,726.972
843.142,1168.18,1056.73,1048.37,1039.33,1030.72,1024.07,1011.63,1122.91,997.246,991.468,1109.67,998.632,873.058,873.115,985.584,873.321,873.197,873.67,1073.16,2395.6,1763.53,872.688,1157.37,871.724
925.885,817.086,1137.29,711.836,1175.23,711.75,1042.18,712.4,819.781,928.982,1015.17,1300.95,1012.85,1918.33,1574.13,832.286,1653.24,1488.65,710.591,712.943,1358.82,1489,1098.26,711.769,710.777
637.147,860.661,852.963,1195.41,1712.54,829.44,1210.04,1864.78,1859.56,1714.19,1209.82,823.897,866.985,1259.11,1923.31,1390.21,692.911,953.596,866.073,1036.23,1988.26,1127.66,693.478,1921.67,1367.26
826.071,2035.23,2193.6,1676.71,1629.16,1087.91,1519.08,1347.08,1440.74,1752.45,1838.32,1218.67,1684.77,712.201,820.889,1681.11,1514.09,1312.25,1414.08,1096.04,882.296,888.127,711.378,710.624,712.707
1494.3,1636.26,2076.56,1449.06,1114.37,1103.55,1944.38,2372.31,1087.8,1185.6,3373.91,1983.79,1152.11,1693.11,1028.38,1177.25,1012.34,1004.47,994.862,985.802,974.378,1057.52,880.657,879.186,996.635
697.425,920.424,904.635,897.463,889.277,880.956,873.84,978.104,857.464,849.119,841.131,834.468,824.81,811.243,716.2,715.639,830.623,716.133,717.056,1055.94,716.054,1057.1,715.994,715.691,715.489
633.782,856.417,2436.27,973.179,836.331,937.193,816.363,804.128,708.177,708.898,710.216,710.408,707.97,708.713,710.063,824.303,710.272,884.316,710.441,710.643,709.922,710.262,881.317,882.228,991.093
638.714,861.373,852.784,845.042,837.325,825.827,1245.76,1522.07,1270.4,718.783,937.68,1416.01,1346.41,719.113,719.511,829.78,1138.31,1046.26,1665,2151.2,1602.89,818.335,718.41,719.206,886.718
1452.75,900.253,2203.72,1961.48,874.836,1628.06,1692.54,849.383,1469.94,1054.28,1509.11,1819.26,717.152,1534.61,976.975,717.089,978.541,1923.17,817.309,1405.29,1628.41,828.694,1661.29,1494.2,1960.45
736.4,1066.86,946.297,919.963,910.886,902.38,1007.98,886.633,877.245,868.356,862.391,856.562,850.075,1622.59,1073.26,1343.08,1331.82,887.754,717.845,718.44,718.982,719.029,718.149,1162.48,716.934
1273.2,2059.79,1364.78,1573.06,1318.3,1755.75,1526.28,2116.5,1269.85,878.119,1137.07,876.486,1186.26,2200.21,1759.55,1692.81,2021.44,1056.32,1007.45,1708.19,1318.42,1318.41,1118.76,1269.91,2637.17
710.448,917.761,907.246,895.499,888.003,978.998,872.83,864.076,857.856,847.231,838.322,830.561,821.851,915.518,803.138,794.768,698.597,698.691,872.98,698.35,698.858,873.275,810.98,700.219,698.523
759.723,982.1,974.204,873.684,874.432,874.071,992.341,874.504,874.221,874.306,873.742,873.887,874.451,874.391,874.884,980.286,873.618,873.501,874.54,1077.02,1718.73,1076.09,2134.76,1951.24,1676.66
1419.3,1370.67,847.344,1896.35,1725.38,1603.1,1292.58,802.626,1863.39,1349.2,695.144,1217.51,869.339,1391.97,868.516,825.989,868.777,2185.45,896.568,983.088,916.081,806.288,1261.46,979.871,1261.88
1258.63,1955.49,1692.12,708.251,925.594,818.927,818.061,928.021,909.538,806.737,706.577,706.553,983.35,879.05,706.587,705.659,878.819,705.406,1650,993.068,1103.46,917.224,815.53,706.232,707.537
727.731,1535.74,1321.74,1771.67,1687.71,1212.98,876.586,1863.69,1653.38,1504.45,1104.6,1779.11,1216.82,814.242,1326.77,966.191,1209.9,1522.13,1098.49,1403.12,1362.26,1715.9,1053.99,1316.13,1552.01
1240.37,1875.44,1994.07,1627.81,1507.33,844.768,1366.3,714.852,785.553,717.429,716.731,715.94,717.72,830.973,889.519,919.136,1188.57,1448.51,1011.62,1317.92,1877.44,1319.93,710.803,711.811,1348.65
1716.6,2433.66,1257.18,1755.31,1341.24,1759.96,1391.85,1944.68,1294.79,1705.89,1480.52,1538.5,1794.23,1101.35,1755.94,1232.4,876.277,1293.68,1652.53,2672.9,2022.96,1857.04,1841.06,1577.12,2052.04
1473.32,2389.78,1231.94,1950.38,1134.49,1651.02,1699.9,1007.16,1568.12,1683.08,1080.67,880.73,1974.97,1270.06,1141.21,2302.66,879.915,992.56,1791.76,1827.82,2242.13,2007.55,881.001,1271.9,1452.56
1157.66,822.54,942.94,1370.15,717.071,975.817,869.733,1238.78,718.026,717.836,718.877,718.911,742.142,719.549,719.714,718.99,719.662,718.927,896.222,894.935,895.686,892.491,894.522,893.11,720.352
707.483,816.986,1075.29,710.523,1708.51,1355.3,1960.04,1456.8,1517.23,1628.77,711.049,709.729,1098.94,711.528,1911.65,1492.44,1310.77,1716.34,1894.55,1709.44,710.291,711.186,1272.59,882.63,1060.98
604.676,825.837,921.785,720.925,721.192,720.997,721.406,721.131,720.636,720.889,720.428,720.448,865.972,720.886,891.881,720.77,720.161,720.205,892.012,1221.43,893.712,721.056,1009.25,721.413,720.623
600.039,817.682,1662.74,1410.34,1545.82,1956.88,1214.82,1039.12,824.581,711.866,859.456,1148.29,711.474,1681.71,1412.48,1172.57,710.868,1036.32,825.098,1210.36,708.484,875.539,706.565,706.391,707.489
1873.33,2816.04,2150.72,1960.63,2034.65,2017.13,1561.2,1286.13,1144.02,2098.64,824.04,815.382,1874.83,1458.43,1894.26,893.469,694.947,1097.35,693.714,2645.74,2138.37,1781.49,1601.75,1457.91,1507.44
1348.1,2061.72,1751.11,1455.52,932.264,924.081,1419.19,1410.65,900.036,892.425,888.857,3791.97,1622.15,957.769,841.007,832.964,820.129,1299.05,802.978,705.567,830.464,874.065,832.069,831.778,962.619
761.625,968.912,940.594,2338.82,1614.86,1919.57,1900.7,992.879,1863.38,1368.76,859.419,1889.5,1857.78,1018.67,822.771,815.432,805.658,879.866,711.199,881.233,814.907,882.632,710.974,710.841,881.965
890.209,1118.64,1110.48,1125.31,1094.45,1065.17,1056.15,1069.38,1037.26,1029.72,1021.68,1014.57,1006.07,997.59,1846.29,2161.23,1375.49,872.47,1061.16,1705.32,1749.68,1311.78,1156.24,1244.66,1060.85
1332.23,1855.99,1645.19,1857.23,1942.36,1896.66,2218.27,1139.18,2217.13,1502.6,1713.44,906.735,814.159,1971.42,1910.94,2021.43,705.149,704.184,884.609,706.248,1963.72,1738.23,2097.7,1154.32,997.051
703.68,1559.19,1573.19,1163.09,1025.64,1278.25,878.795,1375.52,863.563,1182.82,1174.67,1270.82,1977.96,820.067,1578.17,1709.61,973.24,844.171,1828.57,714.534,914.344,1361.56,993.329,882.974,995.107
598.715,814.474,804.61,709.659,709.74,709.989,1274.6,713.911,1146.17,826.6,1392.88,1469.87,1100.06,1404.57,1229.36,840.706,712.49,1779.19,1218.42,1101.5,1565.95,1314.9,2289.58,1358.92,2033.33
754.011,1087.99,967.046,868.877,868.673,868.863,869.202,868.638,979.439,868.283,867.771,867.798,868.509,867.854,868.169,1241.03,2835.9,2507.87,1311.38,1049.26,1140.35,1673.53,955.843,969.197,864.775
646.815,1271.75,1512.25,1762.58,1624.34,1485.55,825.526,1865.6,1637.91,1729.39,1574.65,970.223,839.959,1537.48,1242.29,711.567,1161.52,710.279,1160.72,827.994,884.734,710.967,709.485,709.34,710.042
708.705,914.431,907.193,1013.64,890.439,881.592,872.859,865.405,856.567,848.924,838.637,942.401,821.818,814.421,803.447,705.132,705.346,717.004,720.465,719.138,993.654,882.187,882.896,1053.05,1052.72
644.11,867.914,859.352,962.702,852.598,833.886,827.991,818.02,809.192,797.274,697.736,697.8,985.779,697.719,870.92,870.582,870.672,870.625,872.09,1480.58,814.039,1136.36,700.609,698.722,698.48
671.348,894.273,886.313,878.723,1075.43,2160.54,1830.08,1775.53,1555.32,1037.02,1595.59,817.718,806.911,1918.75,1400.12,999.444,696.587,2090.23,11948.2,1370.35,1390.85,1234.45,1065.35,826.537,698.722
675.74,1208.39,886.576,861.952,852.739,1409.5,1340.01,827.958,819.294,811.426,1812.63,790.605,694.631,1917.48,1395.19,1663.43,1699.03,1200.52,698.095,698.008,872.883,699.006,698.037,698.877,1042.68
875.376,984.186,1086,1078.5,1560.77,1546.79,1266.92,823.278,928.822,807.896,799.783,790.177,694.754,694.429,694.202,694.254,694.044,811.422,869.327,1069.95,802.754,866.062,691.268,1296.42,1903.81
1306.56,1807.75,804.701,1037.48,708.92,709.193,708.819,1035.73,1474.58,1110.75,1513.86,2173.98,2363.37,1665.48,1787.74,1312.23,1788.51,1413.01,708.285,1417.01,1225.72,1514.58,1514.47,1645.41,2300.71
853.371,1192.9,1073.43,1064.62,1055.68,1046.38,1036.99,1029.61,1133.35,1015.03,1007.95,999.645,985.42,975.997,879.104,989.079,879.034,879.334,877.22,1060.42,1406.9,1526.37,1243.79,1058.28,1060
1320.69,1872.28,1605.19,1775.86,2060.45,1559.55,873.259,864.547,1294.21,848.491,1278.29,832.273,1386.86,1140,1482.84,716.231,715.668,1693.43,1421.48,1189.9,716.899,1007.12,890.356,1045.08,1353.47
630.624,1293.17,846.862,1493.95,1163.21,1259.98,1112.23,1404.89,703.528,704.042,924.627,812.36,1091.85,1387.77,1555.97,702.117,1405.45,1355.91,1641.18,2324.79,1429.52,904.428,986.496,1951.43,875.169
668.698,890.538,1540.07,875.84,1521.49,1313.26,851.592,842.509,834.191,1544.16,1250.49,1132.21,925.846,1037.28,1050.11,1253.85,707.449,1181.8,1019.74,882.35,708.219,709.056,1121.61,817.5,705.843
1136.97,2420.43,1503.65,1399.53,699.467,699.718,699.473,699.795,699.805,699.91,699.542,700.156,805.225,702.777,875.943,875.511,699.832,699.659,700.563,700,986.653,875.133,699.87,698.888,700.009
1259.48,976.54,961.595,1457.56,1512.08,866.02,864.932,865.617,892.579,867.403,892.998,977.621,1077.32,1077.21,867.649,865.24,865.821,1049.88,865.8,980.735,866.624,1051.89,865.713,865.08,865.266
646.325,869.038,1058.31,851.094,1046.73,1016.37,1015.64,1218.99,809.976,800.973,792.197,781.476,859.7,974.617,857.92,857.716,683.71,859.382,683.203,684.628,684.85,797.782,862.002,683.644,685.152
624.761,842.516,834.86,827.291,820.396,924.94,800.32,790.557,694.898,694.63,694.532,694.635,695.663,693.99,693.473,806.488,693.348,692.991,694.859,867.542,693.805,696.105,867.839,867.678,927.286
971.933,1076.86,1328.97,1099.47,15725.5,709.593,710.705,1099.26,708.436,711.119,939.891,1493.46,2121.06,1289.44,709.996,1098.63,709.046,710.302,710.374,1273.02,881.257,1355.25,1359.9,1580.75,1552.07
1230.61,1840.35,936.481,1360.99,1124.48,711.987,1217.69,710.732,712.341,1202.71,1360.83,1579.79,1422.08,883.392,1101.99,818.745,1012.53,970.253,883.114,1206.34,1058.39,1052.64,855.578,712.392,711.107
718.034,940.263,914.006,926.272,897.66,889.407,882.331,873.442,867.831,857.588,1564.93,1635.95,1994.29,1027,1788.51,1065.8,1055.15,1174.12,715.495,716.647,1974.82,1538.24,888.645,1409.4,1431.08
952.567,1451.58,1316.13,1418.59,1360.59,1141.96,1594.78,1256.52,1247.63,1503.35,1229.34,1776.56,1574.39,1123.92,1015.77,1405.76,1145.49,1363.03,715.007,1659.73,1367.76,716.812,1315.63,1983.09,1811.06
818.375,929.522,922.722,1624.76,1681.41,926.838,1300.34,1296.78,1772.48,947.861,1708.5,1350.86,1030.21,1480.92,1153.77,1019.06,713.397,827.551,883.182,715.081,713.787,884.405,715.217,882.945,715.564
714.458,821.328,811.605,715.861,715.808,714.747,716.399,715.529,716.165,829.267,715.899,715.53,715.827,716.365,884.589,883.915,1289.59,1623.06,1371.04,1449.48,717.961,1093.97,1653.17,1280.86,715.702
822.243,926.434,903.48,894.243,885.941,877.381,869.246,861.283,943.956,843.894,837.26,828.344,818.09,809.697,799.987,728.02,704.654,704.041,705.165,704.217,705.135,896.972,876.088,874.989,704.323
1527.16,1012.89,1797.95,2072.5,2389.67,1189.09,983.619,997.4,877.636,871.447,863.673,854.407,847.065,836.236,826.367,1324.02,720.239,720.92,1113.51,980.845,723.85,722.103,1226.75,1027.54,1992.87
694.911,909.538,900.224,894.885,886.78,876.705,1014.4,862.001,853.29,842.009,834.536,826.713,820.855,812.822,801.41,706.736,817.075,703.587,702.719,703.449,874.507,874.984,704.229,2092.81,1492.24
1014.47,2141.71,2153.48,2018.67,2139.47,2131.02,1629.25,904.09,888.934,1083.73,860.498,1356.41,931.799,1409.55,946.025,819.676,810.062,1068.65,791.059,1429.04,692.453,720.36,809.896,706.768,876.451
708.269,934.152,928.07,907.982,899.295,1003.89,881.735,874.787,866.683,858.223,849.214,841.51,960.926,8352.14,818.094,808.46,713.385,713.057,712.848,1439.46,826.746,1494.63,1620.31,1011.26,712.59
1233.01,1889.39,1875.56,1733.85,1595.16,1548.12,1708.22,1568.38,1301.13,1340.58,951.523,934.93,1646.61,995.955,1385.93,868.054,994.204,1211.63,1645.79,1637.46,1920.65,1859.97,1757.83,2244.95,1931.61
1146.23,1780.32,1612.82,1512.46,1074.01,1656.04,1619.67,897.32,691.769,691.128,1017.32,1018.98,691.412,1409.98,1402.58,818.467,1537.72,1468.97,1530.55,1412.32,1714.84,2146.05,1662.66,890.998,691.106
856.674,1298.01,959.481,949.062,1644.06,1049.17,1065.14,888.147,880.855,871.642,863.088,853.527,845.454,1886.01,823.37,927.086,804.17,708.302,709.417,882.796,708.987,710.246,710.117,709.141,823.062
590,814.125,804.078,706.972,706.029,706.022,706.798,706,1840.53,1373.6,930.118,1201.9,1428.11,1690.06,1946.2,2020.72,983.053,999.589,709.511,710.308,884.169,710.43,710.594,1145.58,1999.56
602.666,819.64,810.289,740.401,715.598,714.391,712.468,712.818,712.154,712.804,712.432,712.175,887.092,885.485,712.194,886.196,712.328,713.414,713.98,713.566,997.104,1762.67,1370.66,1263.84,1066.03
605.414,935.659,1365.51,718.678,718.59,1376.79,1443.33,1435.78,1135.94,719.148,721.704,1034.99,1424.27,1663.72,1776.72,1368.06,1495.77,1665.16,888.352,1301.49,1339.65,852.816,1022.47,851.39,1024.43
1266.36,1216.99,822.287,730.54,726.003,725.854,726.216,726.45,726.204,725.728,836.949,725.72,725.897,898.907,726.528,726.397,726.727,897.121,838.474,727.96,726.961,727.107,727.137,726.2,726.953
768.185,989.313,1091.55,885.271,886.343,885.967,886.15,886.588,886.021,997.169,886.179,886.048,886.023,1061.62,885.772,1059.98,997.806,886.332,1060.97,1060.74,1235.95,887.712,887.122,997.259,886.379
607.909,827.998,818.741,722.67,723.23,723.08,722.767,805.566,722.784,722.827,723.035,722.434,895.157,723.445,791.928,722.953,894.436,894.739,719.754,892.469,782.973,721.065,893.672,1307.03,1785.9
1352.68,1965.34,1559.24,893.008,884.958,876.268,867.935,972.207,852.275,842.808,833.259,825.763,815.211,939.999,719.036,940.801,828.517,721.822,722.971,722.859,723.286,723.745,722.731,722.975,835.575
600.678,820.303,810.572,714.772,826.144,714.356,715.13,714.274,714.622,714.529,714.871,714.466,998.803,887.451,890.548,888.451,887.549,888.677,715.074,715.6,1001.75,889.743,714.556,714.447,886.387
605.502,824.564,813.782,718.559,834.911,717.298,715.539,715.581,716.415,1025.04,1363.99,935.79,717.84,828.943,718.141,717.845,718.221,718.02,717.906,718.437,718.868,1003.34,890.965,717.157,717.553
989.396,1147.41,1178.82,1287.02,1143.47,1820.2,2433.26,1974.39,2337.12,1147.93,1802.31,1734.5,1273.17,1956.99,1442.29,1108.53,1900.22,1909.33,1828.11,1495,873.394,873.938,984.391,872.76,868.455
731.45,932.913,908.395,901.553,893.488,995.103,876.866,867.861,858.792,851.1,842.448,832.542,823.917,926.133,716.985,717.99,717.192,717.1,890.721,1062.87,717.578,1003.21,890.973,717.108,716.174
641.598,860.991,852.708,844.265,1018.89,829.771,823.683,812.973,804.753,796.214,784.318,686.651,859.984,860.806,860.304,885.706,687.821,860.439,686.675,686.503,1055.42,862.848,686.672,861.585,686.27
645.248,867.774,860.602,851.883,842.373,1289.84,932.633,2576.49,1329.65,1664.35,1663.69,1584.1,1242.21,1665.24,1635.93,1269.24,835.202,893.362,1135.58,1604.11,1419.75,1416.46,1488.87,1870.88,1870.86
601.912,819.82,810.364,716.325,827.709,1521.8,1823.72,1329.03,934.472,715.852,716.968,1147.72,1567.06,1305.46,1042.99,1305.63,716.333,1520.13,1631.69,1792.46,1360.78,1422.89,1430.63,1727.77,1044.43
1537.66,1975.52,1268.35,1021.82,902.141,895.86,975.241,1208.4,2127.39,1181.42,9836.33,1845.93,1055.61,3569.64,1578.78,809.553,799.698,1315.15,1440.48,1143.7,703.724,704.368,1141.7,813.158,705.494
714.807,936.504,929.683,1032.13,913.033,904.534,896.492,888.008,1151.3,1777.71,2017.41,858.42,1267.91,1463.02,1985.26,2663.55,1353.75,1543.9,827.578,1326.7,1826.5,890.51,719.02,717.505,718.28
607.99,1220.17,1222.05,724.38,984.939,1560.09,1371.29,1842.74,724.821,726.007,727.699,727.257,726.405,897.847,726.208,899.059,2074.8,1136.89,738.793,1511.29,1412.48,1802.22,1747.84,1159.7,715.912
1273.32,969.871,1093.04,1194.85,947.193,1485.09,1864.99,1442.64,699.942,1090.98,1535.31,1072.74,1265.17,1970.99,873.677,699.692,873.229,1044.82,874.209,1160.95,1046.98,1048.09,831.777,700.339,1332.8
599.645,816.892,807.004,818.939,708.798,708.879,709.398,709.368,709.516,709.382,709.321,709.278,818.447,709.437,882.134,882.05,708.682,709.543,881.07,1164.28,883.984,884.141,709.012,810.881,1132.76
610.69,831.039,822.986,726.695,726.706,726.055,843.435,727.462,726.982,726.429,726.63,726.53,1496.67,1898.85,2006.78,725.912,1532.22,1146.42,1416.17,725.788,725.864,725.537,1070.36,835.749,724.464
792.925,1012.94,1005.3,1109.84,1000.15,951.514,931.023,924.214,914.448,905.439,1009.23,892.211,884.168,867.165,856.56,855.057,840.111,1139.99,822.667,1010.69,808.909,798.531,786.432,866.954,976.124
936.891,1156.61,1153.25,1070.81,1062.14,1240.46,1043.16,1035.34,1028.08,1019.54,1011.43,998.542,988.598,981.383,983.183,885.568,884.657,1061.31,883.81,1063.84,1533.82,2051.42,2049.39,1485.09,2185.13
650.583,872.521,864.181,855.655,990.347,839.31,830.871,823.005,816.499,807.364,795.842,785.579,863.132,975.459,864.287,864.164,863.273,864.565,863.893,1037.09,801.178,689.528,690.165,689.339,863.678
604.044,820.121,810.395,825.251,714.048,763.271,1719.94,1518.19,1405.64,1737.19,1553.46,713.331,2610.71,717.576,716.374,717.208,887.976,888.707,717.011,716.62,717.342,1617.07,1449,1497.53,1218.87
700.067,921.488,1025.4,906.752,898.551,891.191,882.679,874.879,866.027,857.691,960.741,842.677,832.998,821.43,811.771,718.233,976.009,1568.55,1087.41,713.908,1735.11,2019.23,1538.8,884.523,1537.78
1345.04,1856.51,1681.08,846.496,1320.56,829.984,1063.29,812.627,802.237,792.556,783.794,819.507,1251.09,973.211,1126.25,1332.56,1771.7,1379.96,861.966,690.437,1563.21,1762.91,690.219,1614.48,1467.16
732.145,1435.88,1728.06,1050.95,929.529,921.62,914.231,912.473,903.797,891.109,1025.33,874.375,1001.66,1993.74,1776.35,1491.39,830.875,1224.77,1401.29,1756.59,1315.08,1026.4,1435.71,835.657,1070.07
612.612,833.376,936.471,817.186,1000.61,1052.31,1456.87,1002.19,781.275,1146.21,931.737,2779.74,863.824,1384.47,863.56,1394.02,1395.33,1644.66,1645.07,1385.71,691.892,865.42,692.053,864.919,864.988
836.237,835.99,827.315,1614.72,1398.99,1568.27,902.138,1589.94,1623.14,1437.24,1433.22,1439.31,1381.87,819.076,1205.67,928.827,1100.25,1289.79,1575.04,1462.88,1100.07,690.052,979.048,1935.95,2140.37
1157.23,1392.85,1741.97,1333.24,1955.21,1343.86,904.173,1896.15,1291.22,880.159,877.381,863.169,861.18,1240.52,1808.07,931.484,1260.93,1571.46,716.256,717.089,1153.98,717.271,1168.9,716.947,1154.7
611.372,828.423,818.964,722.525,1910.25,1770.08,1743.57,1759.16,1477.05,923.259,830.332,1741.13,1100.55,892.642,721.007,1006.65,723.661,722.931,723.576,1074.04,899.521,1074.52,1010.71,899.031,898.11
604.746,1944.69,1506.16,1659.34,1199.99,831.617,718.948,719.221,718.917,719.293,718.863,719.327,718.727,887.974,998.851,886.058,718.228,887.923,886.691,888.262,720.14,1173.49,998.98,1065.24,2127.64
802.347,1675.26,806.465,710.589,1119.6,1153.75,715.41,717.39,717.403,717.426,828.241,717.108,716.726,717.26,890.045,716.613,716.93,889.438,1003.05,892.011,895.914,718.527,891.078,1059.98,1059.42
709.674,812.701,803.819,709.631,709.612,709.608,709.74,710.078,709.619,826.389,710.157,709.212,883.998,883.622,1286.51,709.076,1301.29,2068.74,1037.85,973.443,1790.99,2051.15,2416.97,2625.94,2000.29
750.295,1111.79,940.293,1150.79,2134.13,2108.78,1726.41,1532.22,1408.78,1987.23,1653.73,1294.81,1458.05,978.318,1856.04,1299.33,1734.25,1683.7,1447.18,1086.27,717.926,1109.87,1001.98,891.391,1300.49
887.439,1596.62,2002.52,1386.93,874.456,1198.23,857.397,1067.87,1169.06,1120.02,820.387,1237.48,8144.55,723.138,749.519,994.168,1080.68,1377.45,729.445,726.12,838.912,1658.64,892.723,1064.83,1665.38
1134.45,920.258,1253.89,1804.02,1275.73,1057.48,877.198,1308.16,973.341,856.193,961.29,838.951,832.602,823.796,815.235,804.18,709.917,709.304,821.384,884.382,709.929,884.632,710.591,709.639,708.917
708.75,931.53,922.894,914.725,907.48,898.753,1004.79,972.495,1203.92,867.153,858.845,851.076,841.621,8417.28,822.12,814.459,716.142,1154.52,716.752,1120.07,1238.47,844.645,936.268,1742.55,2339.25
643.29,978.182,858.912,850.812,842.48,829.917,819.105,722.989,722.628,838.937,722.742,722.518,897.612,896.833,896.239,896.78,1009.29,901.466,900.324,900.188,1076.99,900.07,725.138,835.92,723.858
1365.72,1947.45,844.96,1742.36,1714.73,1475.28,808.042,799.662,2108.9,1305.69,701.84,812.157,1555.27,877.416,878.549,901.711,2091.48,1159.48,810.903,905.62,1649.45,1753.48,1341.9,813.577,813.075
611.892,829.64,818.203,718.804,815.024,718.552,719.004,718.615,717.68,718.045,716.342,718.05,732.672,717.554,717.723,717.914,734.293,718.2,892.067,894.815,757.849,718.692,718.777,719.07,718.616
1284.06,1174.26,838.456,832.978,2036.64,956.339,1442.28,1188.24,1318.48,693.582,1164.78,1214.88,1260.4,1136.8,1477.31,960.878,1090.06,1462.59,1466,1405.38,954.89,1222.87,1135.33,1339.73,1091.86
1576.59,2286.73,1931.91,2205.29,1975.58,2188.75,1523.27,1493.26,1441.87,879.44,870.462,861.824,965.16,845.97,836.835,1095.35,1646.14,1087.74,715.327,830.301,1346.15,1835.06,1843.16,1577.02,1233.56
1648.28,1927.65,1702.36,1822.41,1208.7,810.751,804.546,799.401,788.037,690.464,1225.46,958.796,686.016,1191.53,685.587,1481.59,1193.29,1088.82,1337.84,1725.7,1592.96,1635.89,684.364,904.775,684.636
606.411,823.554,882.475,715.243,712.122,711.771,713.405,714.567,1354.91,1764.06,1558.82,1427.01,2354.59,822.301,1244.02,891.806,1898.62,1151.42,720.902,1280.67,1517.77,864.778,825.43,1627.12,1397.07
766.91,989.121,979.047,882.27,882.783,889.468,997.197,1322.93,1486.81,1485.49,993.098,1213.12,1232.64,1884.23,1054.53,876.432,1055.94,1061.98,884.494,1172.03,884.303,889.516,918.103,877.882,881.39
1079.28,820.159,810.319,710.689,1016.71,1724.66,1226.65,815.948,731.219,703.889,709.692,1174.78,1910.38,1234.54,1314.02,1035.28,879.041,1303.51,909.185,1361.74,711.493,1296.3,1581.72,2446.44,2046.41
768.835,1548.76,1669.63,1682.75,875.324,1704.04,859.788,851.506,843.49,835.085,823.167,813.833,833.935,725.695,724.741,724.834,723.698,723.927,724.428,724.924,1013.76,897.698,725.007,724.57,896.182
769.378,1090.12,984.998,886.431,874.544,892.112,892.512,1009.34,885.94,894.367,885.232,875.424,874.062,876.007,941.801,882.79,881.282,881.382,881.951,936.505,1060.8,2177.18,1240.01,1250.24,1047.59
605.901,892.671,810.265,717.72,717.276,713.527,712.887,833.116,721.187,720.209,721.923,719.725,719.058,719.904,1457.97,893.867,852.171,713.635,728.642,899.809,2031.15,2383.08,952.448,709.887,1030.3
643.04,886.568,868.327,868.958,861.17,831.16,1734.07,1717.01,916.66,1208.38,1221.96,830.276,1638.01,892.12,821.628,719.118,717.286,718.826,719.637,1357.76,1027.57,725.559,1184.38,713.262,713.551
701.751,926.147,901.2,1004.72,884.379,875.53,865.909,857.336,958.485,1223.84,838.294,818.769,809.029,714.551,716.399,720.097,720.402,889.676,833.44,720.732,719.566,720.785,1053.69,2118.86,1217.98
1046.01,947.359,1512.87,1851.95,1620.68,1478.67,1602.93,1217.2,809.812,715.215,1385.44,1650.73,1185.89,933.999,1937.5,1018.31,799.322,706.486,935.539,876.538,1008.2,2469.27,1544.16,1160.94,1210.23
641.744,863.832,856.26,846.37,837.96,993.129,1046.75,1237.83,712.671,930.802,1061.46,998.772,1145.8,1430.07,705.077,1480.22,1417.87,839.122,1236.58,1768.53,1215.97,841.844,1283.11,1490.72,1491.38
1946.94,1877.03,1223.61,2120.29,2318.84,1593.51,1198,1701.76,1590.98,1301.45,1293.04,1982.7,1500.42,1071.67,1108.91,982.974,973.558,880.867,1746.22,1792.18,1555,879.523,1819,1078.65,1601.2
608.299,1488.41,1921.61,1379.89,1380.24,919.452,721.497,935.583,934.379,891.813,812.138,717.501,889.189,723.321,725.73,725.601,724.701,839.338,724.446,1126.31,721.6,728.399,1275.79,1080.81,886.778
644.518,867.41,858.957,1347.87,876.886,841.16,818.549,833.689,728.015,739.73,712.945,925.17,716.218,809.767,956.512,841.337,854.553,855.992,1059.42,885.925,888.232,893.01,718.05,713.14,886.177
869.869,977.346,968.171,873.227,873.073,873.568,875.239,994.077,879.781,880.347,881.983,879.805,1055.37,1166.54,880.098,925.793,877.421,877.482,1057.79,1115.42,986.178,873.932,872.924,874.479,872.91
611.752,834.038,934.018,729.586,728.411,729.44,785.12,1293.93,751.285,726.238,1073.06,722.902,897.5,894.735,722.508,721.906,721.162,721.504,914.146,895.549,723.284,725.378,903.467,902.102,729.129
1722.22,1814.22,1631.38,1006.24,1178.8,890.304,878.063,1090.18,863.257,858.16,951.068,843.224,834.829,821.787,730.322,728.528,794.05,1412.56,942.218,894.105,722.765,896.303,1649.79,919.494,836.588
635.419,866.821,973.87,859.638,831.292,851.286,847.216,716.677,714.762,825.483,715.675,721.224,896.681,895.19,720.814,895.541,895.282,1867.1,770.029,890.735,1064.58,1065.09,715.795,715.807,832.194
777.103,2039.54,1279.72,991.904,1734.86,851.116,1189.78,1091.03,1823.85,1692.77,2070.09,1104.97,972.474,1726.28,1262.16,881.555,714.99,2267.09,1280.78,999.222,1078.8,885.712,719.167,718.588,718.222
763.318,1134.04,1184.31,1804.9,1182.23,870.651,1430.65,1833.47,2086.48,870.874,871.582,871.409,1319.76,1887.85,1664.24,877.238,1270.66,1608.44,2134.48,1826.17,1280.78,992.584,1292.07,1420.49,1046.5
650.486,876.189,986.455,864.806,856.618,845.125,836.176,827.194,872.711,838.614,716.503,735.234,893.016,1247.51,930.06,760.069,734.603,1001.56,888.07,1061.91,888.981,893.644,722.938,721.744,832.815
616.763,857.372,1235.79,1283.86,810.936,914.985,794.028,784.609,689.037,693.719,695.851,695.79,869.647,979.886,869.624,2079.24,1300.31,868.126,695.721,697.364,878.403,1165.97,701.689,699.837,1018.36
608.27,831.288,824.917,728.815,839.43,1268.54,1451.78,1071.92,734.024,740.825,729.958,729.339,1024.77,896.092,722.009,721.874,1617,1292.47,904.013,1491.6,1509.07,1640.24,735.571,906.649,1308.7
1497.08,2424.36,1713.47,1885.27,999.184,2103.99,1179.11,1300.74,1168.43,1365.12,892.233,1192.65,1274.49,1521.13,990.02,1178.37,1479.97,1295.74,1597.58,1900.93,1240.55,1111.62,1157.1,1663.33,1246.4
1319.8,945.292,1391.88,2152.39,1742.6,1952.56,1595.09,836.26,1344.05,1863.53,725.431,1374.28,1160.02,753.66,739.347,1265.09,721.151,1523.62,985.305,1843.57,1382.45,850.197,1615.35,1071.04,720.349
731.987,1667.99,818.841,723.262,835.991,722.885,722.322,723.115,723.091,722.952,723.491,781.149,734.192,827.216,748.517,902.313,904.273,969.06,1430.87,1768.76,1226.53,847.166,4772.57,1313.36,885.909
1844.19,3145.76,1723.79,1161.47,1159.32,1131.43,1168.4,1087.25,1078.85,1062.74,1054.3,1158.68,1037.31,1030.76,1024.73,1020.16,1124.13,1004.68,994.462,1190.47,1226.66,970.815,988.712,864.061,1068.21
750.545,971.448,965.584,870.664,980.97,870.071,870.474,1291.6,1367.95,866.208,866.202,1877.31,2137.11,1352.39,1681.62,1929.52,1908.16,1909.49,2101.89,2469.07,1680.79,1885.52,1508.25,879.543,879.802
932.307,1819.71,1716.41,1737.31,833.253,824.02,813.928,805.763,708.547,708.433,807.295,709.732,710.509,716.142,715.676,715.538,716.246,716.763,815.708,716.212,718.129,716.607,1626.46,1609.4,1855.94
910.509,924.392,916.572,907.558,1888.16,1690.13,1304.33,1102.37,1203.31,921.234,1640.34,1776.48,1334.22,821.347,812.069,716.002,912.889,723.8,1615.8,1148.48,785.216,892.585,1577.69,1806.74,1852.98
911.526,1143.21,1218.91,1113.03,1133.51,1487.25,2395.89,1276.17,1039.78,1032.31,1024.01,1016.74,1009.65,1112.94,994.142,984.642,976.681,963.291,1049.9,1235.85,1128.52,1308.1,997.33,1126.96,1127.23
880.766,1459.85,1767.35,2393.68,2735.63,2002.29,1284.04,1535.63,1042.41,1775.57,2153.48,1325.28,1454.59,1337.13,1000.41,1143.65,982.284,985.347,882.594,1094.1,1048.4,1758.37,1835.15,1514.78,1765.9
633.881,1290.61,844.619,1398.68,1157.05,929.661,809.729,711.868,1149.04,712.088,1155.71,831.254,1157.5,721.131,1157.33,719.356,1155.44,718.448,1156.75,830.548,1858.43,1424.09,994.162,1321.4,1284.03
937.814,862.284,2076.79,1466.4,832.37,1255.23,813.104,1132.24,821.906,1352.46,696.942,914.209,841.881,696.174,1352.93,696.885,915.626,1391.6,704.599,703.995,803.322,1795.42,1505.53,1076.28,919.189
1158.48,853.304,939.175,825.358,818.143,810.817,802.572,793.22,695.118,695.502,917.75,755.55,948.547,1777.32,1327.68,2958.2,2079.58,2244.42,1795.11,1552.48,688.139,799.04,1809.72,1350.52,1968.31
1277.71,1060.28,834.024,856.858,838.22,806.07,815.128,892.5,686.88,714.947,776.148,1211.93,690.328,709.443,768.202,689.293,706.303,997.338,1000.73,856.354,782.218,686.241,859.671,865.319,691.908
590.795,808.847,911.559,704.422,745.252,699.087,1254.4,717.56,706.18,700.158,1225.72,1966.89,1818.16,986.527,702.79,705.327,722.004,718.201,968.61,1585.46,883.359,1574.02,954.517,749.387,887.622
609.492,824.974,814.328,722.752,726.645,727.592,829.099,726.158,726.445,727.25,727.08,771.467,725.206,719.483,1016.78,765.56,1038.91,736.196,719.564,897.982,1096.24,897.089,900.681,725.7,726.166
1186.26,1849.68,1262.86,1620.86,1417.18,845.897,1057.99,1275.44,1219.05,926.045,720.261,1464.74,718.365,937.861,1047.2,781.12,714.093,985.645,957.142,1000.79,966.949,1122.57,1321.1,2058.49,1260.92
1307.67,1029.65,1136,912.688,1124.13,896.208,887.641,984.331,1498.98,1740.78,1795.13,1533.27,1756.76,1043.77,1471.06,809.322,715.835,1638.72,1690,1311.66,1041.3,1396.62,2681.47,1312.21,1549.52
1998.14,1883.22,1873.56,2098.47,971.921,871.868,981.925,1008.73,1423.26,1052.36,1142.52,863.506,1514.59,1615.89,1625.38,1397.91,1494.96,1336.58,879.759,1260.47,1276.01,1285.64,935.146,1317.26,1347.44
661.706,1098.15,1690.47,1023.58,886.695,1068.25,2027.16,2011.74,1618.92,1010.83,798.2,703.23,1359.72,1360.24,706.697,1752.13,1824.4,1333.68,1614.21,1989.35,2245.98,1415.26,2475.45,1348.54,2026.04
770.819,992.937,1101.6,1544.08,961.217,1633.69,1486.36,1276.7,1554.18,1485.38,2108.32,1271.39,1644.47,888.15,2553.75,1315.59,1377.06,887.761,1500.85,1188.17,2842.91,1181.97,880.625,1483.75,1861.09
1091.65,1019.88,996.388,1939.34,1795.4,1429.97,1149.46,2133.98,941.352,1722.81,1775.09,1503.94,1506.96,901.515,1930.09,1789.4,1210.72,1743.31,1495.83,916.482,858.361,689.392,690.303,1494.54,2093.07
567.254,1320.95,1611.04,675.045,680.262,684.707,790.394,713.607,957.113,976.802,1417.88,1467.83,1344.83,847.161,1112.92,1354.75,682.419,1698.69,1182.45,1239.36,1429.85,2055.37,1915.33,1659.22,1998.54
1205.51,910.718,1235.1,1712.15,1001.73,887.701,859.878,851.586,959.238,841.511,1115.56,828.334,843.367,799.98,840.337,781.861,1004.72,798.38,740.309,776.111,963.299,894.867,1014.5,1118.86,1009.78
1167.33,877.783,983.664,868.014,860.158,851.137,842.814,1925.04,988.788,848.816,707.468,705.391,880.723,888.874,925.091,714.418,714.313,716.614,713.714,1987.81,887.817,715.19,1346.97,1930.91,1465.31
913.893,1236.63,822.955,1615.87,1720.58,1528.93,1602.03,1603.69,1139.76,905.616,752.679,749.226,1179.3,730.003,744.226,892.521,1605.89,1325.22,1245.31,1538.21,1657.72,1669.58,919.817,2166.74,1400.34
1102.19,1179.8,2041.22,1049.34,906.204,898.957,1276.03,1867.28,1924.5,2111.48,1675.15,1580.43,1052.26,1859.83,814.047,805.439,795.287,1620.47,1556.15,1891.23,1668.03,1308.48,880.826,992.071,1176.42
1407.35,877.196,1309.38,992.17,1122.91,1234.69,1183.09,1916.37,1481.69,1001.97,1407.83,1132.01,982.724,1148.22,1817.68,1429.9,1428.63,1628.98,1856.21,1377.33,1004.99,1638.22,978.797,705.531,708.995
981.238,1715.48,1314.63,832.184,1459.4,1207.68,1056.2,966.121,705.247,988.391,903.441,699.064,829.082,1989.5,1514.68,703.872,836.047,1357.99,1658,1998.49,1552.32,1064.86,1391.44,1204.5,703.353
1033.46,1275.23,1857.35,2278.83,1152.72,1767.02,1881.72,1875.99,1886.53,2690.82,2166.35,1858.72,2110.35,2255.49,2125.87,1302.67,1665.05,994.155,986.868,2074.17,1390.01,1059.83,1061.15,2333.39,1858.45
602.325,1160.83,1024.96,707.912,1024.87,708.171,1475.53,749.345,1144.08,1228.59,707.905,807.318,884.33,882.4,885.379,707.379,981.349,949.863,716.591,717.318,896.719,891.878,719.833,768.712,714.918
917.362,1940.24,1040.01,909.884,907.784,881.32,983.063,868.083,862.262,853.358,845.024,836.815,826.031,816.881,915.567,768.75,820.368,889.77,703.496,907.154,1407.27,1004.78,710.362,887.206,744.481
2159.44,2462,2031.96,2548.58,2684.79,1517.52,1221.97,1098.98,1094.03,1265.03,1861.12,1986.35,1451.03,2202.14,1029.97,1012.85,1013.56,1104.65,995.672,986.89,1051.86,1026.22,990.293,881.396,873.235
616.01,849.123,867.828,754.422,736.75,848.954,1656.69,770.34,804.95,716.413,717.106,716.447,824.852,1483.42,1204.83,1161.86,1876.98,723.943,1429.18,1439.58,1126.57,723.219,993.903,2174.97,2347.94
1394.53,1791.87,860.273,1265.17,835.257,996.023,1346.89,2003.47,1119.75,834.855,922.005,1043.75,1387.63,1014.09,1189.81,685.48,689.72,1564.68,1906.27,695.136,979.062,2433.25,1297.77,1732.17,1145.56
1483.77,1977.62,1953.56,1767.07,851.94,842.974,1238.6,2234.19,1245.01,1535.47,1748.86,1829.92,702.33,1074.42,1496.14,1471.85,1560.62,1656.9,1752.11,1271.73,1613.71,880.904,881.998,1106.86,1381.68
1204.23,1647.45,1611.84,705.569,708.589,710.658,709.874,804.051,716.557,716.307,720.398,715.808,715.73,1094.27,1647.49,1178.58,1706.96,828.751,721.035,721.044,720.397,1149.45,728.975,728.357,730.263
770.554,1514.29,1788.65,1945.66,1672.93,1453.18,1511.38,1404.2,1410.27,1411.47,871.337,1524.11,1634.07,1849.29,1495.47,1682.7,1024.51,872.918,2468.52,2426.7,1002.96,2107.4,1397.18,874.712,1601.71
972.782,874.056,1842.54,1925.43,1493.98,1413.53,1705.63,1934.1,1896.21,801.535,796.901,1204.75,872.642,995.872,1102.41,889.834,1994.48,1582.49,1895.95,1457.16,1627.93,1439.08,976.632,874.005,1044.76
1187.58,873.911,2069.6,1047.36,1091.76,2000.38,2014.13,1015.16,716.947,1322.24,1506.22,1550.21,1593.42,1660.92,1008.64,722.445,1740.74,1422.68,1021.17,1275.29,1614.59,1179.48,823.219,888.381,894.75
596.508,814.668,805.828,933.058,1370.4,1291.14,1259.99,1496.66,907.167,1521.31,1624.69,1771.45,2282.49,1519.47,708.669,1798.01,1580.69,1167.95,715.262,1019.95,1321.42,2598.34,1544.54,1023.95,1442.36
1158.25,1824.06,1811.95,927.977,2219.29,2664.76,1593.68,870.393,1112.05,1626.69,1229.7,1653.04,1911.58,1533.63,1912.99,1761.73,1479.76,1454.92,1518.97,2161.91,1787.34,984.397,1435.66,874.113,841.402
1612.53,2003.68,981.669,2341.65,1921.21,1761.25,887.816,1740.93,1250.36,1730.63,1901.33,993.676,1057.54,1062.84,1722.82,2086.19,1601.44,1261.57,1027.62,2060.13,1867.98,1045.87,1855.04,1138.13,1417.61
1632.85,1851.38,1851.98,1678.61,1573.32,1797.4,1433.71,1554.53,1776.94,1278.81,1391.08,1263.07,1299.61,1219.88,1520.43,1309.56,880.107,1170.45,1192.76,880.643,891.284,1352.37,886.555,1165.72,888.407
1453.2,1605.67,1570.58,906.949,2091.68,1811.65,2031,2261.02,2062.65,1533.22,1231.83,973.961,1148.84,867.336,1671.95,934.115,1952.2,993.615,1123.34,711.139,714.902,1471.76,1547.75,1093.88,1628.04
1770.71,2142.4,1330.29,1465.48,2142.04,1666.82,1845.21,2328.06,1987.58,2037.64,2291.45,2213.37,1660.94,1503.22,2051.6,1227.02,1903.51,1364.95,1567.62,853.269,857.301,10150.8,1359.96,976.496,1823.76
957.161,1121.96,1083.66,1074.81,1074.97,1481.27,1019.61,915.872,1498.5,2448.67,1792.86,1158.45,1075.45,954.508,1292.52,2154.2,1391.99,808.02,1438.02,1080.71,928.144,1609.45,1226.92,1841.08,1344.38
1122.33,1551.76,1951.63,1583.83,1382.25,1479.79,727.477,975.596,722.563,738.779,739.309,734.789,887.749,737.792,944.097,742.41,722.412,899.053,5512.93,891.921,1296.06,1311.44,722.416,891.163,1824.72
1169.5,1455.52,920.197,1046.63,937.097,1043.99,936.189,1159,826.885,726.247,768.104,1287.92,1480.04,886.259,761.438,711.553,1431.45,976.788,1332.45,2242.65,1393.66,1460.83,1113.75,711.775,1029.54
711.828,1011.38,950.839,919.911,913.242,891.473,1419.22,1073.39,868.683,860.728,1142.32,838.204,1296.43,823.31,811.374,1497.25,1288.6,1539.11,1123.86,911.919,1633.87,1280.59,1302.33,1864.44,9630.46
1078.32,907.773,1158.07,890.921,1144.05,1004.8,1260.09,859.246,1241.37,1142.26,1475.78,833.456,1911.89,1097.71,717.118,713.9,717.506,934.418,1775.99,1899.83,2012.16,1179.33,1612.37,1402.11,1931.56
779.924,937.624,2132.66,1554.8,1725.43,1368.13,1057.18,1512.99,1330.89,699.368,1005.13,1560.52,1142.66,705.307,706.083,1754.47,1681.22,2259.62,1522.68,1868.12,1648.55,996.496,1600.72,1623.01,1966.08
711.644,1337.25,1117.92,899.209,1109.98,1212.64,875.457,1209.54,1408.36,1074.16,1176.43,1790.69,951.543,940.301,742.706,763.473,748.329,719.797,843.972,896.901,890.502,1581.18,1101.82,1279.82,1337.15
747.45,1473.7,2072.8,1624.98,2201.51,2006.62,1614.4,865.79,1022.61,793.818,1558.45,695.091,917.727,706.284,698.506,892.523,780.458,691.478,707.236,873.976,699.034,1094.76,693.254,1502.85,772.728
881.566,1084.97,1821.29,2072.14,1272.74,1362.5,1362.68,1398.48,1631.52,1126.75,1153.88,1029.62,979.639,973.494,963.691,1391.91,864.693,1084.67,2136.78,1233.16,866.573,868.363,2325.27,3040.67,1060.68
729.645,948.114,940.394,1025.14,1202.13,1115.94,976.754,875.703,852.74,849.91,1176.49,2154.17,1512.26,1296.75,802.483,1789.88,1563.75,909.1,844.913,2090.22,1238.27,2118.18,1329.04,803.369,1447.76
901.408,1186.54,1439.99,905.629,2060.92,1017.7,1012.91,1252.7,1455.03,1831.47,2215.72,1565.68,2376.18,1983.87,1745.81,1138.1,1932.29,2574.08,1036.85,710.833,911.596,890.486,2228.05,1815.5,1949.54
742.456,1360.85,1168.58,1007.92,905.594,896.954,888.849,978.859,873.115,866.296,974.437,960.05,836.556,859.758,833.383,825.999,759.102,2557.62,1326.55,1113.66,1592,2187.3,1747.8,1383.93,1275.41
761.056,968.475,959.693,863.164,1436.97,1303.39,924.243,1096.61,1812.9,1623.25,1974.84,858.777,1303.88,1127.83,1066.47,862.591,1014.83,1050.79,1051.95,1055.82,1056.1,1197.78,871.114,2206.37,1442.82
1306.49,1029.93,1240.13,2632.98,2146.71,2407.41,1970.86,1489.4,1119.08,1001.61,1639.89,1610.82,1760.31,1975.77,1397.33,948.716,2030.38,1466.82,1144.45,1930.48,1206.06,1031.81,921.254,703.592,765.894
1742.67,1530.44,1535.69,883.865,875.845,1186.02,1159.71,1699.62,1567.77,833.004,1076.8,858.624,2022.78,1579.57,873.652,1636.58,2283.2,2053.45,1949.4,1591.01,1418.79,1405.36,1101.49,1599.36,1788.51
737.745,1743.9,1223.97,1009.29,947.008,1016.64,913.02,1195.04,1575.38,2017.3,1827.91,1456.88,1735.79,836.238,2008.1,1629.44,817.489,862.063,777.777,1015.22,749.507,925.292,1229.36,803.917,845.624
1338.93,1123.29,891.817,992.494,2096.77,2037.75,1901.46,1762.22,1803.5,943.464,1483.05,2302.51,1970.75,2137.89,1028.66,1893.01,1796.22,1413.47,1668.15,1132.71,897.231,1544.92,1618.99,1433.64,822.676
1571.07,2282.69,1270.82,975.128,2219.23,1261.73,2112.25,1416.61,1154.65,894.713,1322.65,1578.72,1519.57,854.619,950.125,838.938,1647.97,1789.17,1444.56,1237.07,1187.3,1457.12,762.751,1173.97,3473.88
711.248,965.498,913.147,906.485,1014.13,894.637,886.619,878.048,891.999,1353.3,1036.04,941.516,926.026,831.008,954.733,817.098,754.011,735.566,716.187,709.303,911.804,1761.43,1632.94,1907.11,1810.64
1830.66,1474.38,946.654,1093.28,1089.66,1015.2,888.147,878.613,870.796,864.838,954.084,852.529,843.323,1316.6,1196.67,1333.38,746.88,732.354,958.509,730.12,729.446,958.778,728.268,895.915,1724.78
1440.46,1189.71,924.244,1070.94,958.469,902.899,879.691,889.388,1028.23,908.953,885.866,866.528,833.393,834.998,771.009,776.656,723.293,762.273,787.952,894.824,1137.73,775.727,745.694,759.481,876.862
1281.61,1555.24,981.815,1104.56,1454.53,1645.89,912.372,944.358,1296.02,964.376,1314.01,1955.43,1230.99,1489.6,1205.99,1099.41,988.916,1209.04,880.631,1231.95,1968.35,1983.68,1909.87,1269.96,1585.74
1332.56,1665.63,1642.7,935.678,912.972,1142.94,1154.86,1279,878.966,871.463,1770.92,1110.04,1394.31,1743.9,908.459,1438.86,1831.99,1288.51,877.646,1499.93,1507.62,1685.86,1266.7,1399.77,1316.91
973.382,1196.99,2286.32,1357.55,1401.65,1713.56,1676.31,815.775,1500.7,1537.89,1542.2,712.216,715.187,713.606,2197.83,1559.2,1509.01,1910.99,1067.05,1969.63,1283.92,1200.01,1123.3,1124.18,1479.16
974.404,976.446,1146.26,1249.81,981.171,1066.07,871.968,873.091,872.08,872.342,1477.23,1200.32,2612.65,2308.54,1886.82,1769.49,2242.43,2036.27,2371.19,1901.13,1474.96,1477.47,1147.72,2004.25,972.857
1343.99,1684.13,971.386,857.638,1153.3,1544.83,1455.46,1984.96,1682.04,707.047,925.049,820.129,712.107,905.505,712.522,1786.68,2300.89,1611.38,1660.06,1661.11,1602.08,1101.18,713.283,1950.6,974.131
685.219,1401.56,1692.58,875.395,867.418,1012.92,857.827,848.013,839.024,827.116,818.539,1606.02,1034.64,1022.72,1523.76,1202.82,1376.83,988.742,1665.15,2239.48,1199.87,706.771,1475.65,1363.49,1453.3
1152.01,1634,1957.9,1443.91,1376.41,1257.74,910.36,711.565,713.697,711.503,711.553,712.956,1764.15,2122.6,1900.58,1314.88,871.271,706.789,998.651,1219.96,2029.05,891.546,809.187,892.57,1614.01
1421.56,1661.34,1863.34,1769.47,1446.1,1535.71,828.464,1117.96,1850.6,2010.18,741.209,2186.88,2136.25,1966.29,1163.43,891.607,723.513,1029.52,1058.17,729.876,1059.7,1365.64,900.448,728.608,2509.79
1333.67,1614.2,1604.88,1512.4,754.074,700.17,699.94,700.665,700.52,742.718,700.558,699.988,699.942,873.016,896.805,699.98,700.228,699.959,1029.98,2009.04,1295.27,2015.7,2048.32,1523.37,2139.46
1365.5,1191.53,2363.37,1721.25,1177.43,1165.31,1519.29,1241.62,1081.81,1391.31,1282.36,1368,1156.83,964.014,855.857,1483.76,1027.37,874.47,1048.49,1280.53,876.693,1857.73,2277.22,2021.51,1399.88
848.764,951.867,933.543,1659.03,2443.83,1370.14,806.339,928.587,917.307,818.847,691.817,690.569,803.013,694.712,1397.01,802.007,1482.58,1482.55,828.191,697.956,908.94,1481.26,865.511,1740.96,2023.73
1749.24,1629.11,889.518,1615.05,1245.47,914.569,1020.2,940.528,1701.98,2334.3,1507.27,1641.66,2629.41,1483.89,2176.07,1661.42,817.547,1252.18,1097.42,1025.57